system_time,camera_time,pos_x_cm,pos_y_cm,pos_z_cm,roll_deg,pitch_deg,yaw_deg,detection_confidence
1742380383.2758436,8866.958912,-866.2783437094165,-904.8368277745816,5429.376326774858,157.18563876780692,-30.563351839740932,63.24374979590909,0.040967351719289
1742380383.3305998,8867.134913,-922.3770099240268,-867.8116919462601,6072.192249021719,-166.86960484364997,-23.360110767162915,61.29789205753878,0.04456690778230144
1742380383.3749933,8867.306962999999,-734.2778324138126,-920.0182056173603,6317.055301005083,174.67686209580017,-30.625780885541328,75.24965171139002,0.04606369147391899
1742380383.4156306,8867.478954,-588.4577626297084,-922.7207852702384,5884.761321707286,-169.89024894133135,-14.215319155898092,77.881694687021,0.042357903472506564
1742380383.529664,8867.650948,-520.0088333861245,-864.3283570687247,5657.952192000702,168.793441092509,0.014320086371893349,77.41705542841522,0.040575248377204436
1742380383.7037153,8867.822970000001,-533.9128715012856,-832.4031230458293,5656.554251468661,-175.49432246126074,-19.139073109106647,78.5638962672291,0.04057098134187394
1742380383.8816547,8867.998925,-564.136874163456,-830.2152660449902,5697.1102992421465,167.3323489812609,-17.699035516762322,79.40521547452157,0.04080060986751444
1742380384.0570364,8868.170962,-556.289627488497,-843.3093716819017,5789.458988648364,179.40633671270948,-22.0137849066716,79.32269838230111,0.041505084984061774
1742380384.226181,8868.342961999999,-536.2310828038494,-793.9825771426882,5477.676091353399,-166.7339648033793,-14.656046679530736,78.86913133802389,0.03978766877324289
1742380384.4029355,8868.518913,-526.1115741416522,-808.7665416010904,5591.693940656145,179.79637622091866,-21.689394526151744,77.88248555360987,0.040106919554372324
1742380384.5699863,8868.690914,-484.4278123210079,-804.4715139701916,5467.99561672378,169.55115135269293,-18.686496764579747,70.89907753649842,0.03921716762390511
1742380384.7448833,8868.862943,-392.9155133939287,-744.3207988770058,5243.67645699926,-175.7141644880308,-24.168806169475847,50.82306790893754,0.03782691212274584
1742380384.9227264,8869.038922,-283.96723574029454,-639.4404672096326,4817.566559027895,158.48912291061475,-22.97546347087664,37.398706422231406,0.036494648779169324
1742380385.0930743,8869.210937000002,-230.5883040401735,-589.6991622007591,4798.678900896563,177.28326028631537,-31.942462142591634,24.539868566355214,0.03591802911215012
1742380385.2597194,8869.382948999999,-173.52984367419054,-515.6567764851735,4699.286187494853,176.518472113015,-33.135168282354854,18.017221626435806,0.03556434437872424
1742380385.4310608,8869.554955,-174.65844978238107,-440.7641422147598,4526.224882686001,177.44316934935054,-36.28352568752215,16.26498537697798,0.03467936857101526
1742380385.6155212,8869.730922,-172.81409044845148,-452.35188939647173,4562.850810958704,176.9841273994092,-31.19100061634404,10.204268244587764,0.03432461484746736
1742380385.7852821,8869.902917,-149.60530593288956,-521.6704383205039,4498.580746824219,179.14310051924434,-29.64211389866174,0.2564559351755206,0.03386396051926014
1742380385.9639456,8870.074963,-230.21770927526478,-514.8615359327247,4306.7124507756425,-179.13200779853167,-23.994202860047377,-12.10654343800027,0.03184953505175318
1742380386.130565,8870.250911000001,-301.57447796145397,-467.9365019257432,4010.597020537268,-176.90568216196888,-13.933631799859143,-8.098455786935387,0.028853105987153772
1742380386.3111835,8870.422909,-265.82683607282087,-316.5827626548475,3517.223998168408,-163.03468873801245,15.435494554233228,-5.891828489078627,0.025995417205006744
1742380386.4746308,8870.594948,-121.19004612691977,-268.8974109454272,2976.4499766027843,169.41510481692993,-21.86290970736899,-9.616140714391046,0.022373355714882415
1742380386.6541193,8870.77091,17.620750069428905,-275.61674610528723,2725.0083239623095,174.28916987198068,-22.290652392584835,-10.377012076123261,0.02054670938661633
1742380386.822977,8870.942924,97.19161093756085,-277.77958997777324,2560.7212059938065,172.32448430734428,-20.386468100438286,-10.325727741328063,0.019441158649863503
1742380386.9931374,8871.114909,141.7066936109159,-302.0383614730481,2515.198431262138,-162.70116149295157,27.663308754513473,-4.434182801818381,0.019045244370281444
1742380387.1739197,8871.286968,148.88557630470154,-295.40739666074984,2479.7236563389765,-179.86629479298867,-20.19325141962702,-10.057621625207636,0.01875766262510821
1742380387.3412902,8871.462909,157.95581091777456,-294.6599591729398,2498.9319001126732,179.0613379648081,-18.571432412840696,-8.602570782930195,0.018818378356338008
1742380387.5134861,8871.635024000001,185.0392614638823,-324.37033571378106,2643.522497453779,176.14749791128258,-12.050341998769724,-6.009924492885345,0.01962922932900869
1742380387.7007942,8871.806953,264.43578695809185,-318.5714495236634,2835.438246424815,178.0672672027994,-17.005065016413756,-3.3865468815241275,0.021331661589346473
1742380387.8622842,8871.982901000001,241.22149741463957,-383.3867176936622,3213.1797237932515,-179.26773733777836,-13.397436155115068,-1.6270561286203433,0.02369272199680306
1742380388.0253563,8872.154909,117.34609215602151,-459.0185701982389,3490.693663875201,179.4573279070819,-14.310661057314586,-2.7114002847177012,0.025620243495128817
1742380388.2095404,8872.326998999999,-3.3124300228970878,-558.8170443222909,3810.497456354336,174.96415875339542,-14.528665948850797,0.1672531278475144,0.028049040024643916
1742380388.3880289,8872.502912,-92.9536406075586,-623.5900550039246,3992.3210073169876,173.13977033030957,-20.471902564826518,-3.2254255370175713,0.029946651130379153
1742380388.56185,8872.674912,-193.76899080256936,-725.7813573294042,4344.415233926702,175.18888573645998,-18.519017054809925,-2.205081231229506,0.03219425412440371
1742380388.7369797,8872.846921,-289.0497486616567,-785.2383348426116,4531.587951767592,170.2022635510946,-10.56719126416382,-2.0414948337999888,0.033507836270944315
1742380388.9007082,8873.018944,-277.9986441753505,-857.8675110868287,4910.986861650528,177.40709592853807,-10.505152813831891,-6.753614856443993,0.03568118839656312
1742380389.072557,8873.194904,-202.10434164261352,-853.5357065948327,5116.255407694151,-155.2238579482471,-2.2693913668856625,-10.352554553458242,0.03701011303484649
1742380389.7700913,8873.887073999998,270.73552605265627,-623.7155690842138,5888.0161015444855,153.44593346732225,35.61656567721342,-11.149016189838303,0.04787984158651655
1742380390.2861428,8874.406957000001,364.4811043504627,-477.2088597795471,6012.3798091329445,154.81607020337808,35.493608961256044,-8.008777450712172,0.048028285212647515
1742380390.464727,8874.578912,369.33504730111264,-453.68485917580773,5879.110826022393,161.42788723400434,36.83076636859451,-0.21389331078737897,0.04630987198379409
1742380390.8085063,8874.926908,367.02067645157973,-303.28559517474076,5391.1108802142135,-175.88141102930825,-8.835600322269602,-0.703970073722068,0.03830360881878406
1742380390.976295,8875.098972,137.73821822006153,-285.92281881965323,5027.599427174781,-172.42118196234085,-14.207619523393664,-4.863845948865794,0.03603203137408201
1742380391.15536,8875.270907,-41.15800437506971,-369.5645375138223,4773.06910605906,-173.77630303026513,-1.8633736380632346,-5.106864253378258,0.03361835959682181
1742380391.32742,8875.446963,-147.28282227415696,-372.40144441967584,4157.934210291211,-178.0107290432906,-21.2460645856915,-8.670556197672967,0.03036823031589127
1742380391.495552,8875.619058,-202.3969681874042,-337.0058589836481,3888.434120846408,-176.92579125429586,-24.55447888195442,-11.099239840216129,0.02866270835608963
1742380391.6662388,8875.790919,-270.38094871471554,-256.22590438243463,3544.9995224336703,-176.5859809695922,-27.426106290780872,-13.256892327226696,0.026319438246096345
1742380391.842679,8875.966917,-273.74997661628214,-180.46527127722786,3316.4684449901606,-177.1504125516621,-30.61999649281871,-14.341317463877603,0.02488710120865884
1742380392.0160644,8876.138958000001,-238.1865058000908,-112.5720131580294,2998.138780422801,-176.48957875009148,-33.916659624550874,-17.097530616954067,0.022835404144945025
1742380392.1893792,8876.310958,-205.326549852278,-81.69074090243875,2889.154412312746,179.07085632855282,-31.922345044740613,-12.574629439748342,0.021854242579558265
1742380393.2299953,8877.350956,10.028764963648038,-201.23196398739003,2555.629899921173,177.53572990607105,-30.63267177662854,-14.748850820195424,0.019763907316273633
1742380393.4067602,8877.522964,18.017658553840565,-205.20996912602038,2535.551437552837,177.65154299634798,-28.464072836214857,-12.043269963448758,0.019432886251817126
1742380393.5742166,8877.698902,38.70890514142704,-185.4264858396457,2429.5457955028714,175.31304969301735,-25.635700226509456,-9.012263373007967,0.01848742008583042
1742380393.7498171,8877.870949999999,75.12319173437116,-173.8809059949527,2424.7894755160587,172.60357407416527,-16.906151994857808,-4.3779679151230795,0.01802114437676555
1742380393.929444,8878.042962,33.2367181073405,-131.6531960420925,2191.271343565948,-166.8916631793998,14.321091367429123,3.160681264764849,0.016036865017526557
1742380394.0947769,8878.214917,68.8021949984696,-41.48504152972512,1955.4568060915565,-169.31218199953818,12.58500464173792,6.139592702221865,0.014243836811828713
1742380394.266679,8878.390908,81.08430856262743,-26.439088029277684,1826.8483403044506,-168.06753219308808,2.63743549717148,8.374927326924444,0.013244421477603002
1742380394.4380393,8878.562963999999,73.24766123452838,-47.629477932284274,1686.750675078697,-178.34750783989335,8.552954000717483,10.03338033757933,0.012182464452553571
1742380394.6360574,8878.734962999999,68.24930177749235,-45.645104916578184,1603.9502092652697,-164.9104997007737,8.24552877442266,10.999286785677226,0.011736989776250201
1742380394.7803502,8878.910929,75.5939013536564,-55.1881296132205,1592.584712993396,-166.8557569240993,4.582807050702878,10.504177506787444,0.0115867916303747
1742380394.9535336,8879.082939,79.03207661734479,-54.4317264255508,1623.1807497841658,-169.10498441352226,0.5066542920191841,12.23825179960148,0.011766924897066789
1742380395.1334453,8879.25496,25.131820232160095,-75.85715286464054,1723.0683423909497,-171.22614220182516,3.3133248506972017,21.764873932588443,0.012441374937471345
1742380395.485296,8879.602937000001,-138.5109742058127,-90.75566592796766,1802.667275920324,-177.78805003610617,13.481371699702088,62.742816777393614,0.013328671877653466
1742380395.6583793,8879.774962,-251.88673452088776,-122.44234685475,1859.5088235356052,178.65298168112741,17.159283996188044,76.50518239667274,0.01403952107186739
1742380395.828521,8879.946995999999,-366.45226747533286,-173.59748134382872,1873.041726789692,-175.33669129660046,0.4135377430035775,86.17055113661179,0.014046119908332436
1742380396.0122285,8880.122913000001,-390.94114541860995,-217.10259184024432,1975.8297775242686,176.8178550670454,-9.93969695349904,90.62283053545852,0.01462844245011679
1742380396.182566,8880.294941,-341.5914486356003,-212.38895130758877,1884.647025471174,-171.64288362819323,-8.24824595956984,92.33776120401625,0.014210614419992003
1742380396.3455884,8880.467053999999,-299.9118087003671,-162.188054148139,1849.1415490454028,-168.07035920669688,-11.178942181191248,82.51719383094976,0.01394932641543008
1742380396.5341754,8880.642912000001,-222.43341560913598,-61.51827960957078,1855.5187040388294,157.12367952018738,-13.927227482259797,52.61059291402786,0.013823488962892403
1742380396.689321,8880.81494,-107.33160539650552,-5.230671032469317,1902.1547813709965,155.06178034239278,-11.349868177085446,22.256241016502,0.014316134573762084
1742380396.8638282,8880.987068,30.739091896722076,-39.3022617461211,2014.8026244522782,-163.23842474971985,17.24385805136895,0.25996865998102786,0.015004082073720924
1742380397.0511105,8881.158957,116.3207114138592,-95.00399429741786,2128.0439519693437,174.87194160761703,-10.476913927725116,-19.9304047872017,0.015568958225477053
1742380397.2164743,8881.334948999998,192.9803757182765,-177.32786140425029,2205.131108091157,-178.71604313015422,-16.756500939871536,-38.29274441854386,0.01658410484557324
1742380397.3842692,8881.507044,188.5649575071553,-227.27176079881005,2259.4992814180437,-171.06169114195157,-14.571801793273034,-55.36934234993173,0.01703100356778943
1742380397.5584104,8881.678957,144.8988154421099,-275.5521793610631,2320.751902262445,-171.17030706106922,-9.824907843673198,-59.567209526066385,0.017236454723008467
1742380397.730937,8881.854895,96.63464276136446,-281.617759497918,2287.621910932758,-169.86493477229223,-10.141863146667566,-61.182485638637175,0.016989380470637673
1742380397.903902,8882.026962,98.15844416915809,-270.1209438673712,2280.968467264445,-167.96427831335498,-13.386856363092154,-61.94059267373434,0.017127825045079585
1742380398.0906012,8882.198955,100.2100593468225,-289.77858589283915,2404.803168268775,-175.64657032477436,-17.807771709519603,-54.51372486599617,0.018139467360736006
1742380398.2553613,8882.374908,121.28839895268048,-356.01085803844893,2748.26451169079,-172.96880253511586,-18.081721810026373,-50.66827745992884,0.020764108154211904
1742380398.4280617,8882.546946,142.88338257221739,-379.58427806314364,3286.416040171677,-173.9906272292469,-21.80520661118435,-44.144280868684504,0.02491638586180637
1742380398.595887,8882.718938999998,67.02674885911752,-407.7443891093283,3658.4549607968947,178.57343880686332,-29.219134962654515,-37.700336463310805,0.028382388765881887
1742380398.7750833,8882.890954,11.436252539618856,-416.10596169881404,4089.8824749854725,174.9815551033107,-28.025098119279757,-31.674512635600667,0.03135466871117581
1742380398.9521651,8883.066899,-65.43792704194261,-359.60982683587963,4331.755422264614,172.86470218312908,-30.566519061940713,-32.15480955791815,0.03336056282714684
1742380399.1332643,8883.238948,-51.0537958352552,-412.14910916465533,4368.891038033102,170.1750613129026,-33.60210185862723,-30.89321789456818,0.03444357893728583
1742380399.2930884,8883.410952,20.50103157876087,-417.6424554445647,4325.363289575401,167.76893233666138,-32.24694051285196,-23.979853729258345,0.034107650450188355
1742380399.472321,8883.586895,10.899386254582023,-394.9531547079555,4368.95506295928,158.5843571933635,-18.59636894682727,-2.4570810370139697,0.03339487821800902
1742380399.6367943,8883.758929,27.16952084865058,-410.6530917900063,4229.755432766344,146.845465809167,0.03748196641026678,31.729853474515313,0.03318142395172654
1742380399.8091388,8883.930946,99.05860758977667,-370.8116105209142,4249.228039935368,147.3733137952494,6.0910884678370145,38.84719432626267,0.03334636349678365
1742380399.9907928,8884.106908,110.1688906212611,-370.5618340939186,4198.086982375377,149.39133208455368,11.004319754307087,42.73777658292242,0.03293156904522457
1742380400.1567025,8884.278945,75.60647351716267,-362.5484623374278,4215.545476162743,152.83229362065217,6.582830715172976,50.04742616306109,0.032197520310449416
1742380400.3411872,8884.450938999998,-104.95966295576007,-297.98999994693827,4243.468940058965,-179.24761714703808,-19.32530372926067,68.00725741277911,0.030474450921293438
1742380400.515254,8884.622938999999,-537.2672440117266,-277.18242561825093,3703.192415073359,158.4052534732567,-37.42261126780214,88.08767228158098,0.028910822820960216
1742380400.6994395,8884.798898000001,-1033.6946331814845,-276.02802705534566,3716.155846615989,179.04710136236932,19.789424477039034,76.84110777050832,0.029327689698221627
1742380400.8561647,8884.971032,-1329.7379817985375,-248.44528113543385,3740.5673719049096,-179.45161886030837,14.278374265237465,78.36861941171784,0.030064364328569335
1742380401.208882,8885.318895999999,-1435.9004085235379,-178.5914931145912,3888.1037278117014,178.65657429051623,-1.4390545027108186,76.12948390140942,0.030216437172866296
1742380401.3795338,8885.490921,-1106.871633844085,-184.688133431853,3759.2065479816183,-173.15540544243436,-18.584869788144136,75.4262176076511,0.029101915319536684
1742380401.5499072,8885.662933,-634.3547733847635,-206.4300156692668,3553.9227718067955,-165.76713298270494,-24.960266109583657,73.07087425509212,0.027337184646651892
1742380401.7105923,8885.838896,-165.52389906344362,-258.9298448355968,3342.7246327941875,-151.39129744025917,-24.850232329243905,69.4760407090839,0.026113622308785934
1742380401.8978813,8886.010900000001,279.35917564350945,-254.3664867457813,3369.2717950658616,-145.83997559754894,-19.200954421631636,70.79922616193025,0.02602107382987357
1742380402.071758,8886.182946,628.6248472171911,-225.66864276837615,3346.7293126158374,157.2637758789588,8.887390769986933,77.02893609193205,0.026576626125781336
1742380402.2401147,8886.35494,852.2226345803264,-209.89701669094995,3453.342177137644,158.71943998217364,0.6095405444418867,79.84445668982849,0.02774078686376216
1742380402.4236221,8886.530897,847.1056833240533,-189.9707122844815,3528.685536724845,164.39562512306995,-6.105103573789352,84.13649822029659,0.027555550696856567
1742380402.583585,8886.702905999999,675.3741048565134,-109.16692329399196,3437.0143171575405,161.46298299634515,-8.704232099928578,83.25651723485038,0.026698331283002575
1742380402.8021877,8886.874947,666.8727628133179,-138.65850834910412,3752.6652562984063,172.61049726033824,1.1942530049657134,80.72985854341454,0.027681503052901974
1742380402.940271,8887.050892000001,683.470087297955,-500.1307043536844,3853.7792288153555,174.06869714694992,6.662324710462521,82.10857230371589,0.028938774352207573
1742380403.1056144,8887.222897,506.77332498206107,-704.660805694783,3716.565202714863,173.25800173523226,-4.3259228826394756,82.12867670899067,0.027691401187393053
1742380403.2783198,8887.394934,40.35806224927479,-561.9339375257086,3325.7657793171425,-163.06737900984854,17.424703207808665,86.21003428157073,0.025713238692586023
1742380403.4529696,8887.570896,-252.084196291956,-143.5338081942501,3077.319492899573,144.63869998161232,-16.97661735572759,81.68634315929772,0.023846788314906345
1742380403.6273658,8887.74291,-587.9478158220104,56.71548955856124,3633.9975482942614,160.07153505087422,-22.524596521297514,83.77996781656466,0.027177576011609025
1742380403.8047874,8887.914893,-911.7968742607366,-205.74531699266382,3777.745098365823,173.19633143214352,22.838151008497206,74.33216350393361,0.02936121131125254
1742380404.3277133,8888.434989,-1488.6950729732944,-273.73723823017446,3405.130351541008,-166.00313225973645,5.370372118213731,76.34001626560443,0.029687082046939164
1742380404.4904997,8888.607068,-1611.0886704058278,-302.2218210366776,3942.6244989664033,-179.76955514405685,-11.240560799862275,74.98817456670034,0.03134481980172259
1742380404.8753083,8888.954904999999,-610.157528060968,-495.9307476252631,3277.990867758689,-161.0547938960795,-25.992381218244127,71.59156996690332,0.025615917390855274
1742380405.0069408,8889.126903999999,-255.60738198295388,-296.9729256593828,3009.014063864887,-154.50494311224998,-12.001038612486438,74.91093647283776,0.022951606504764615
1742380405.1831355,8889.302893999999,-112.8590939995316,-92.16451045451043,3111.237853582369,-159.4823626531529,-8.37767432988041,74.77986320336795,0.022980074070905254
1742380405.3522975,8889.474945,57.68078388736099,-112.89555771898556,3280.113233105595,-161.18888930318636,-16.368344289006338,72.8554160044182,0.024185439911991215
1742380405.5260322,8889.646907,295.55611687166817,-222.6188066704914,3229.3659606265755,163.027301998562,13.080394821258327,73.47717055529829,0.024455875795079046
1742380405.6961234,8889.818924000001,610.0881925327134,-219.23957477125904,3061.763370406502,157.20919050282407,8.738858879640803,73.44730050085863,0.024495373478196514
1742380405.876565,8889.994971,818.075993935425,-32.09376462671679,2911.1273207143277,153.98968309296262,-2.718865154254673,78.44897880542622,0.02442676164637626
1742380406.049781,8890.166902,973.3869052996838,211.96818846165192,3196.411044396218,159.0558621170151,-6.048668021205663,81.8759614828824,0.02670307699015055
1742380406.219643,8890.338924,1220.5250145853174,265.7077878270356,3572.485379037765,166.40380105681447,-5.9000501385940565,82.53815529241429,0.02942950912722977
1742380406.3911815,8890.514885,1039.0869632533675,154.7175569764291,3349.801642974877,163.99316237566484,-18.655915463064183,86.90867551996679,0.028221213299875474
1742380406.5630167,8890.686944000001,493.11275815983305,127.02222723353816,3144.8829692111267,160.18352632092967,-26.76848964986293,93.80680458976242,0.025632676656354693
1742380406.7413096,8890.858903,-102.96364608012607,101.09298903918504,3161.4350485596083,156.42060646479115,-28.28273246414869,96.3563346971094,0.02482140535641428
1742380406.9109674,8891.034889,-504.4679911773584,149.99869372865442,3474.649259839939,-172.57893274111208,0.7083882101540483,81.18856980409062,0.02533915027470143
1742380407.088901,8891.20698,-192.20501401515406,398.63193282827535,3327.4848221772354,-159.54642948526936,-10.953506550484684,73.55467412038968,0.025472498206244212
1742380407.2724485,8891.378884,157.3383343012934,375.8953127409424,3434.8357619669982,-169.1565602539951,-16.16111242245472,74.4868530728977,0.025657069440492782
1742380407.4394498,8891.550916999999,281.4067733006196,110.47258873508743,3398.7444466910697,-177.02850288947084,-24.965972539877566,78.6864323077167,0.02558932695162008
1742380407.611358,8891.726904,66.02766002047315,-169.8788145065212,3242.514106203832,171.46074548388137,-32.597185815282614,85.4081342683238,0.024751651642861798
1742380407.7837121,8891.898943,-379.6138861421672,-234.8270454823714,3124.6395025568836,149.5008483707908,-28.10557495662219,91.69568012902872,0.024261281893117423
1742380407.959677,8892.07089,-643.7879511448185,122.983255490506,3092.6348506055897,-158.82520414471554,6.536887332446293,77.80225097111985,0.024361054800664115
1742380408.1248548,8892.246888,-368.7286162026994,614.8438683484497,3201.3671764508663,-154.68604536220312,-9.689292504637052,67.77795644231682,0.02608448881192111
1742380408.3138325,8892.418945,189.1933538522963,708.5154257590491,3477.969807996907,-166.91915898045045,-17.930737296698503,71.10182269409978,0.027263023110503937
1742380408.4830513,8892.590892,520.626198808991,393.9165488948022,3513.8169416083288,-174.32548732071388,-19.236281288084054,75.97667832545102,0.026791277831654536
1742380408.6487267,8892.7669,461.2240930243895,2.3613501213036168,3331.053054883009,178.1906787742109,-25.16113348921465,81.8292696868806,0.025319761669089075
1742380408.8232458,8892.938941,105.39942111425201,-250.5148823602739,3109.702003221437,169.89030840762615,-35.5135397018088,89.93706251919741,0.024034054600680834
1742380408.9935622,8893.111017000001,-235.71638883591538,-148.58761428390594,2970.981741520481,-156.61550889640174,7.113173082992618,83.91441246161259,0.02259488474233312
1742380409.1676338,8893.282902,-174.1018661368684,318.01382229083697,2968.855157064641,-151.85419063118496,-0.22961232390984193,74.64702353694035,0.02302637935692961
1742380409.3419235,8893.458896,142.44101280017608,577.9844647988258,3394.021724639679,-171.44536648874927,-13.278690889200965,75.38658835300807,0.02556613236469462
1742380409.507931,8893.630938999999,280.4743299872462,357.6017348563611,3342.6126472448286,-177.25872905164945,-20.032799324607335,77.64488446077635,0.025242012065986818
1742380409.6803923,8893.802892000002,148.40691938935902,167.2396835223453,3185.9284082786967,171.50728872521623,-24.072648287383657,83.5274757036733,0.02415257887543056
1742380409.8560004,8893.978902,-7.288932774294741,151.30862525420113,3353.642271933824,173.20082925851733,-5.797209778138932,79.50975121126669,0.023979384666581963
1742380410.033696,8894.151047,62.40697587029415,129.85097577757733,3513.0546271580565,-177.3362121359433,-16.952918620990527,79.29896266075576,0.025582609321924812
1742380410.2070742,8894.322946,24.498351287208035,18.728575651726135,3718.1607178377085,174.58793040458812,-22.613012007806795,83.30691875146263,0.027377180015945236
1742380410.3779557,8894.498884999999,-180.45792566920932,-168.00987292798234,4280.967837903245,-177.54882200167543,22.903422183297447,84.79215800971647,0.03167322296646972
1742380410.5500045,8894.670926,-324.4230775861972,-401.74903034703925,4878.253238961868,-178.0849077792078,-23.730078634175655,87.45794353810143,0.03537303619662677
1742380410.7193894,8894.842938,-356.1187847706397,-603.6300576810756,5340.708850525241,-172.47165376621504,-16.325519941571304,86.6234166477467,0.03825067481921528
1742380410.8972812,8895.015064,-407.68907540371384,-699.4808332858414,5553.033509914494,-171.89744055092055,-21.22202359058829,85.88622918351825,0.040130173843483226
1742380411.078073,8895.190902,-468.54487075785903,-766.1539688108954,5980.903654235453,179.31059596969408,2.2016563142919456,84.02388139787087,0.04242773443822225
1742380411.249615,8895.362941,-543.7774010491253,-846.2173839745823,6469.463318518936,-177.82733761201578,-18.803455214545203,86.09553750471711,0.0459802937088082
1742380411.4165807,8895.535093,-518.7434179491296,-871.7806329955469,6415.824897557294,174.3536128948773,12.803669907470201,88.4829273843657,0.04647210749936757
1742380411.7644508,8895.882933,-504.4754369433322,-899.4187280843498,6577.052261304563,-170.8659231434617,-13.337193690978042,87.54574601479415,0.04683809282856026
1742380411.9432645,8896.05498,-464.4983601249499,-884.5014513138187,6590.351063950998,-177.0472457634391,-12.298857316227426,88.31145978012789,0.04645895855647303
1742380412.1220455,8896.226945,-354.35734665544624,-830.0537017460196,6226.293455354452,-173.6119342086561,-30.018024695033137,90.59455921291473,0.04569736755173822
1742380412.285874,8896.402921,-270.5480487460888,-839.5092486629504,6275.88968728259,-174.5638258919805,-23.059874488634794,87.79368558438358,0.04498580036143911
1742380412.462183,8896.574957,-146.10441526685574,-786.7710594860987,5808.447649199531,-174.09984098258028,-22.41429219142997,88.6023641780394,0.041685835062795745
1742380412.6320596,8896.74698,-92.03865048041237,-800.6867013174495,5823.232361516393,-175.68797196780042,-7.929885467868012,91.81007680910375,0.041075798452120685
1742380412.810307,8896.922903,-51.11561667003534,-786.4613474729106,5590.4933397698005,179.7551617518494,-20.588124168471722,90.98766606662112,0.039915091508374294
1742380412.9785008,8897.094923,-10.838398662621564,-773.4299218183203,5485.79713962502,174.17360409078555,-8.78728699516208,90.04974532227652,0.038833047257411595
1742380413.1446946,8897.266971000001,29.77501330177607,-742.6068046636931,5282.244334069719,177.83169439431887,7.744595838555238,90.91460821673265,0.038036036178517654
1742380413.3219955,8897.442888,61.89940759560819,-743.4398148324165,5140.53469856372,178.95154452276182,12.122764816145656,91.05239889833575,0.03751778700815814
1742380413.4975805,8897.614918,87.92027049909758,-752.8781919374152,5201.963365549343,-169.2205743998813,-16.49197376777376,90.66747328883135,0.037285221046044
1742380413.6691935,8897.787043,117.00022957519323,-740.6444476835966,5180.4828950162355,-173.3619535505961,-21.68111623250442,91.36231763336478,0.03726297172711253
1742380413.8483028,8897.958975,116.83595430395799,-731.6325442308947,5116.579660045241,-173.75754154125227,-17.201695407935663,90.47364498280719,0.036558649874824024
1742380414.0180686,8898.134915999999,135.1620855624838,-730.4876810235428,5135.691648560799,-178.81720197971126,-20.24709013234552,87.21755327387623,0.03678091249337921
1742380414.1957252,8898.306918,150.3427743854008,-729.0995668253121,5138.450008926736,-176.93769304387206,4.217801355313154,89.61490512112681,0.03680675715359524
1742380414.3614032,8898.478945,158.69606609794167,-719.4689894000308,5045.461443479291,-172.3299520408441,-5.535873455325743,90.08706824088857,0.035880800745308444
1742380414.5452344,8898.654884,158.31885794290082,-712.5516306008863,4992.462267228755,-174.22077653515018,-26.37429029716255,90.18859113791841,0.036315082491428216
1742380414.7155313,8898.82693,165.16654003759527,-730.8894454374058,5127.837855062439,-174.3115219797597,-16.414813862245342,87.34491026508438,0.03655546360507594
1742380414.8813813,8898.998932,165.68989058107113,-721.7004557977225,5072.018309556477,-168.50671265849712,-15.408800299245327,87.43297944104727,0.03632779968990052
1742380415.0525541,8899.174886,168.69455426916093,-711.8461940205034,5003.535904874287,-179.66556247486452,-20.168386347416337,90.38890812703882,0.03587332014869123
1742380415.2348444,8899.346924000001,176.188747265548,-714.9458113290946,5030.33762024173,167.4225943801972,-3.620391312575542,87.15588340513172,0.03631048746785101
1742380415.4040976,8899.518929,180.34532739960375,-695.3217757002288,4942.602972328582,169.23530586306848,3.7351927920729993,87.472501647826,0.03586881905487227
1742380415.5698395,8899.690937000001,181.83817141504716,-699.9425877724843,4929.196069596034,-173.43921367216635,-26.045498751533295,87.64797617348745,0.035863158704778846
1742380415.7490594,8899.866888,183.43876297076685,-703.9697701833289,4908.31539524295,-171.69319272585844,1.7420714557790178,88.89998695952671,0.035191658305408026
1742380415.9173114,8900.038919,181.1993471253044,-703.1164967774307,4912.747243856447,-172.35441352099724,-6.314033584890682,88.52003810193624,0.03497633589578828
1742380416.095733,8900.210936000001,196.17825193600837,-708.7840648488952,4915.004696052969,177.25558446554422,4.791561394631613,87.56801345831488,0.035402764449949116
1742380416.2691996,8900.386895,207.33726852122837,-703.9544224587366,4868.547571241473,-174.97128882702762,-16.042149245445817,88.92927294691525,0.03477303953963501
1742380416.4418383,8900.558915,198.76113250694522,-684.0402010516196,4692.880354646779,-176.4579239738381,9.039962934208727,89.30190707119063,0.03412743657443564
1742380416.6209657,8900.730951,208.08628285231353,-695.6152337072164,4802.471474008186,-174.21084901018608,-16.05169129641153,86.6654336474642,0.03432204873868657
1742380416.7846096,8900.906885,210.82197444231502,-669.3443005137507,4581.7334145725345,-168.02372914919286,-19.07488679770815,85.89071791580386,0.03311528830730074
1742380416.9601998,8901.079015000001,240.26069076819007,-632.7339266852507,4419.449362253341,-164.00459522721863,-14.856250318598404,86.22167731425523,0.031992451000026484
1742380417.129078,8901.250915999999,234.9672577428953,-567.4627678777287,4098.747820477275,-168.72249626672436,-13.687146373109702,86.50092911887829,0.029488237169370407
1742380417.3016846,8901.422976,241.6947870441029,-475.29435862879336,3670.7263225838715,-162.16355175652777,-16.952392229978262,85.87554518642183,0.026837455687495324
1742380417.478922,8901.598983999998,262.83491217348865,-373.40407142328536,3242.3639069793276,-162.72151661252022,-15.612350752844629,86.17950192760944,0.023691948990513696
1742380417.6532426,8901.770933,316.95213954917136,-287.36949485686205,2831.551643874651,-158.26965354339677,-16.4920983941418,84.69497537125838,0.02096217254801739
1742380417.8254724,8901.942955,384.9857443431687,-229.24108795856935,2609.501486775703,-164.91694765224884,-21.38421541601951,87.79845611690023,0.019385900658943436
1742380417.996895,8902.118876,374.97773115213,-241.37130235174595,2369.461929426272,-170.98715513249158,5.600498917350056,92.42566607173084,0.01747452853356186
1742380418.165021,8902.290907,365.70383738828826,-207.75048915330726,2159.152893539971,-161.03985468122914,-13.017981598823143,85.52951263089044,0.015985526775867114
1742380418.339403,8902.462912,380.30966566059345,-173.2984872172352,2042.0137793140188,-172.7219989528293,5.345676320750151,89.25526790218345,0.015131246291417792
1742380418.5141203,8902.638903000001,372.7150878826707,-135.5175150548583,1927.4769445017746,-167.2266364218695,-11.626055943905959,86.9425139654279,0.014257682328194939
1742380418.6885166,8902.810945000001,357.985791590163,-119.3369320457367,1851.1073019814842,-168.29515520353235,-13.07831547377076,85.42562989969511,0.013731079851710373
1742380418.8588004,8902.98295,354.87396476817395,-124.55945346791286,1764.4849383031683,-172.1312035741585,8.459658184789854,89.65192692452115,0.013188455392518847
1742380419.0359092,8903.154917,360.3076614872161,-120.02822965832314,1737.75245557383,-165.91752499386607,-8.435230149950122,85.96256409242382,0.012883250457300741
1742380419.2126057,8903.330879000001,368.01207634567544,-113.39123696437979,1708.8224782327106,-164.80666593366985,-14.155522501336497,84.31481665363293,0.012794840830294113
1742380419.3759716,8903.50289,381.2589623318251,-125.62482314433208,1701.0784653671653,-171.35744779406502,1.3593971835727319,88.45135169033395,0.012684207062867495
1742380419.5542147,8903.674917999999,367.9055429450099,-122.26439659215751,1636.362133172657,-167.69402814547072,-14.95226992525599,85.03673292680278,0.012299089550962936
1742380419.7242494,8903.850957,339.4046369578964,-115.59531846130852,1565.6470033231624,-168.41310689178746,-14.690494039889861,86.06601486379036,0.01174191052759495
1742380419.9022279,8904.022884,311.6874660614275,-111.4969256455393,1502.1311180841287,-158.24611403946903,-2.5431223702538164,88.62166474211882,0.01122684877861595
1742380420.0711334,8904.195005000001,334.19931691969526,-106.93919441838663,1547.98868914934,-172.5701549698476,5.80595291696174,89.56719492277962,0.011595121895983603
1742380420.2386944,8904.370878,360.3434633533534,-141.97905571106287,1655.6991567880114,-167.21488161099597,-24.300269241879313,83.93877280431292,0.012687702679980985
1742380420.4132311,8904.542887,359.6888788185456,-241.88944802424038,1782.8245720773843,-166.06853663637133,15.613866043628462,93.67680061955599,0.013831542675203463
1742380420.5942004,8904.714878,349.87376488198316,-348.9166456489897,1975.7515113498043,-171.5215606603312,-31.690578270053464,85.83334221722625,0.015251365003683915
1742380420.766944,8904.886939,341.19996584370085,-456.177848515315,2133.6417844632074,-169.79545468345063,11.354406441460565,92.42959717440468,0.01658819130409581
1742380420.9424894,8905.062875,344.6579014760841,-546.148038649146,2377.130801879004,-170.03987279470167,-26.705607618132344,83.9248455647828,0.018013574361826264
1742380421.1140285,8905.234926000001,313.3751946859777,-590.4399548265994,2545.909452384408,-172.85070353361567,-33.52257393954278,82.7056071001744,0.019547743669711855
1742380421.2899547,8905.407103,277.62567610615366,-637.3010533885704,2838.434151258288,-175.9088248444942,-22.133666516581222,82.35012663202534,0.02110235289979047
1742380421.4647949,8905.582870999999,219.26411746851247,-616.1161861563917,3007.371509647421,-169.9717414371409,6.2488959644914015,85.25699777320607,0.022506765921357853
1742380421.6334429,8905.754877000001,178.98350176272876,-649.2966414285996,3365.6069262014616,-178.82557488069082,-1.993974967093831,81.29721356883559,0.02456814280083051
1742380421.8089776,8905.926969,147.95650336398256,-678.3881059576526,3684.4006820653312,-173.98249279005506,-21.68327895621762,77.54378821150978,0.02688280326731727
1742380421.97636,8906.102878,132.31747159946121,-682.1191630742021,3916.681208131061,166.5913640825651,-3.687083890858172,69.87303905414831,0.02893732725791934
1742380422.1547675,8906.274966,128.15450317779198,-651.2081131612313,4237.832333981063,164.27359207376037,-14.647292706672618,50.060506133270785,0.03162217636844738
1742380422.3255377,8906.446879000001,103.63459022851215,-636.455603244353,4709.068873689879,161.60884722346606,-21.434715219550405,20.061312185031998,0.03619810531065907
1742380422.6763062,8906.794872,129.0929875245334,-502.2184046672896,4950.6775835956005,165.80668700936374,-41.532609148341024,-11.341844646720013,0.04110189143584117
1742380422.8494341,8906.966885,116.86979377267303,-489.620412890147,4897.705266598119,162.24110780756266,-39.603411825736366,-8.60237817337014,0.04059851463182894
1742380423.0147607,8907.138888,104.43327834477947,-476.77363377959114,5056.7776813865585,163.92869528451445,-36.364547770435905,-8.705204618981345,0.04083035723603228
1742380423.1947355,8907.314885,102.74731745947712,-444.7406585521206,4856.7015030765615,166.2897472959931,-43.03527035075758,-11.052381013537548,0.0404488591432484
1742380423.3704557,8907.486931,134.4141678890813,-433.43570683891903,4796.809221676925,165.59827425241653,-43.56381335956096,-10.099850484926911,0.04020032072048475
1742380423.537351,8907.658887,165.87447580499688,-426.95647361088425,4967.69229020459,164.61303612629527,-36.96992854284089,-8.421738352586218,0.040209489871547564
1742380423.7178385,8907.834873,139.40144327599813,-409.4975963314023,4980.165739454363,170.70630212319986,-32.09428997868526,-8.247381363580152,0.038670649227424914
1742380423.879181,8908.006925000002,37.032709905685614,-438.95390134328795,4871.373987042751,163.47193794050375,-16.85148204059859,-9.231969575166426,0.03637556987731377
1742380424.2282095,8908.350901,-26.608895555318863,-513.5957813873871,5002.791283267274,-139.0522300356018,-18.248455066061656,-26.392608919483717,0.03969845745663585
1742380424.402859,8908.526871,-54.89744305643413,-521.858386237451,5224.948678740384,148.6775240265875,33.0255458165612,-29.007119085013755,0.043365304018169015
1742380424.5790465,8908.698924,-17.49456349687942,-508.5622757134664,5130.061033211193,151.7067455307519,34.46882221715384,-27.756205939106035,0.0421532701612096
1742380424.7468128,8908.870874,12.857620275045981,-503.02473228613803,5055.946412984955,-139.1085927871558,-26.357746918905203,-32.23438181616334,0.0414008642184032
1742380424.9329917,8909.046951999999,24.24954348463968,-497.5691806751092,4931.925688139871,148.6745200712374,32.862817319414226,-27.017724749957473,0.040838056923930506
1742380425.0953288,8909.218926000001,33.905284985695104,-496.27748673954966,4931.236663704702,150.0946270922754,33.597944018977316,-26.23356639554218,0.04066009369019696
1742380425.2788124,8909.390888,47.61175883852323,-510.0442445546512,4970.258104655542,151.28633414756843,32.91186466915904,-24.306986994582786,0.040658353136930045
1742380425.4392622,8909.566883,62.65748992056781,-504.58650148017676,4903.744877322393,149.42355272375457,27.938742930825093,-22.322665239733563,0.039714801355167
1742380425.6201844,8909.738929,79.90745161664482,-485.4115136977446,4856.522964668275,152.14867127294914,25.649773485837684,-20.244366733011024,0.03849173267786499
1742380425.9616473,8910.082967,110.47457843465543,-510.2942067816178,4993.909308857901,154.84722712953504,21.80233406880343,-18.097166303714427,0.03862457702062804
1742380426.8256612,8910.950942,246.99833134158658,-1148.9736808509983,4939.779145181367,163.90541872912794,7.027015159361148,-6.845147426419795,0.037926227711592035
1742380427.0105531,8911.122927999999,283.3449596137444,-1136.445247110391,4929.184262959866,174.644475471923,10.802388790509884,-4.520883885272559,0.036643345226093846
1742380427.1760836,8911.298880999999,292.74389069027177,-1069.507263241888,4926.05861427034,-147.0803886218629,-2.000591784227066,-8.068978933518745,0.03684812882001481
1742380427.3519363,8911.470906999999,272.51713738228284,-1054.2571176448457,4904.078707455957,172.21092335357474,7.491141834521297,-5.207337313738794,0.03637870214500481
1742380427.5188088,8911.642985999999,273.82736473521277,-1031.7024039320165,4880.250262520122,-150.2301786700196,-1.2124401558644176,-7.767127147695145,0.03612927838194462
1742380427.6963956,8911.814883,280.2187497669665,-953.492166731584,4812.942538602428,-159.17430941568026,-2.7603907985849645,-7.884837316360791,0.03500669803030569
1742380427.886292,8911.990882,304.062563886113,-683.5725628293975,4569.650881399271,-168.79467436014022,-16.871466103598294,-11.140343285080373,0.03381715395206962
1742380428.04443,8912.162919,347.7192536990625,-507.42368116962695,4631.486189097242,-179.08171613440297,-11.461311146471648,-8.814256521655434,0.03360337787372981
1742380428.2160165,8912.334928999999,343.95340711087414,-382.07529625801135,4668.780796458267,-173.6606665094425,-12.33155669060705,-9.90495036726923,0.03377062886433919
1742380428.3962672,8912.510882999999,329.04925384248287,-275.6558979684823,4727.968696928269,173.89542024510993,-11.594036417630786,-8.058928478686328,0.03418244389139292
1742380428.7334528,8912.855029999999,282.40634221592586,51.96793994012471,4359.293500152036,-175.24689862349638,29.412199658538047,3.33281724276735,0.032318083796428025
1742380428.9102604,8913.030883,295.4701320646062,139.57768447868634,4623.266074363526,176.8265496414493,-19.27157943030733,1.9937753471673947,0.03388712659157768
1742380429.0877728,8913.202913000001,193.68328352494325,138.51267514436822,4742.369599786538,-179.53034352884117,-17.334104749380806,1.9620544532429647,0.0343119700272879
1742380429.25859,8913.374926,85.16253933088363,177.9907686326866,4629.30271245712,179.50824494611064,-25.4282398445677,0.9643636662389415,0.03428011067962676
1742380429.4282675,8913.546926,37.36825645755829,233.44540454663743,4748.314016207191,177.50385736042085,-21.369513779382352,-0.43631036099246634,0.03452534434271209
1742380429.6002655,8913.722955,30.80633579084424,216.34802659970984,4807.446435197471,175.6585698471536,-23.44564083768499,0.3444482523087636,0.035165953158656345
1742380429.7723088,8913.894903,9.737333131878986,243.50883177965073,4859.131534220396,173.0411376443206,-22.23879298184342,1.1957394465757474,0.03539966891133027
1742380429.9513872,8914.066923,-71.78375106692036,311.42069282698276,4841.054041680051,-178.16840292966228,-28.539961320713108,-2.937638435134285,0.03598600336874589
1742380430.123833,8914.242896,-151.2882852684668,375.6641364521966,4768.426430691631,178.93485884463468,-26.00659658381843,-3.5663140424370985,0.03504008448843614
1742380430.2971184,8914.414914,-60.04425270021516,392.4243573932759,4938.590550558697,173.1783638036869,-27.47764658689435,-4.237229745339629,0.03649897037549619
1742380430.4707825,8914.586927999999,-32.69170908276496,308.49383325937544,4835.660275517723,174.64032420405738,-29.58672328805372,-2.996703113903135,0.036097637013737936
1742380430.6482046,8914.758919,-113.42370216499846,302.36506263682344,4849.285964459891,177.5568832211963,-27.2021091331928,-3.115135668048366,0.03572060249083834
1742380430.82565,8914.934915,-109.61687216154297,311.8611621939205,4835.611477488993,166.14719103963552,-26.027139687979805,-0.635037061392457,0.03574107436051974
1742380430.9938138,8915.106901000001,-63.25800325780878,300.0023535210818,4814.596882905404,170.87480740647027,-23.985524825742438,-1.841728623852983,0.03527676917416694
1742380431.162715,8915.278923,-78.99602598139221,283.362433507633,4911.39470788614,175.70360032809407,-21.457166101268058,-2.725285124084734,0.035538308909874194
1742380431.3375304,8915.45487,-135.36793482559335,237.7744202905817,4909.458550395105,178.3493170567182,-19.73449973122341,-4.476391955599875,0.03527288639058414
1742380431.505712,8915.626902,-200.56785840462342,196.22553434030573,4889.420291826578,176.8649300559348,-18.18808900834589,-6.234832914255107,0.03494289375370981
1742380431.6801217,8915.798918999999,-210.17010993102625,212.94761794628306,4889.886644165534,176.28276698278268,-18.378744093922595,-6.117905277575251,0.034948171801492504
1742380431.8650577,8915.974873,-207.2769172007161,199.45805265622485,4824.715813005956,174.65053707931568,-21.091982802355588,-5.318423312078995,0.03475291721059795
1742380432.0293148,8916.318915,-228.11855289058428,272.7950961917548,4765.89034292843,176.60666957529298,-23.069459865987834,-5.695352192579358,0.034509082421791334
