timestamp,roll,pitch,yaw,touch_gesture,acc_x,acc_y,acc_z,gyro_x,gyro_y,gyro_z
1743603823.1430824,,,,,0.0,,,,,
1743603823.1632392,,,,,0.19068818019399816,,,,,
1743603823.1834724,,,,,0.37963895285263954,,,,,
1743603823.2036438,,,,,0.5651307403936395,,,,,
1743603823.2238665,,,,,0.7454734809102108,,,,,
1743603823.2440135,,,,,0.9190240267463125,,,,,
1743603823.2683802,,,,,1.0842011156244709,,,,,
1743603823.2885606,,,,,1.2394997779204897,,,,,
1743603823.3086977,,,,,1.3835050488167835,,,,,
1743603823.3288622,,,,,1.5149048603994846,,,,,
1743603823.3492055,,,,,1.6325019962362164,,,,,
1743603823.3693385,,,,,1.7352249995133937,,,,,
1743603823.3894694,,,,,1.822137935346291,,,,,
1743603823.4095953,,,,,1.8924489183150446,,,,,
1743603823.4297156,,,,,1.9455173275300743,,,,,
1743603823.449953,,,,,1.980859643488673,,,,,
1743603823.4701402,,,,,1.998153853541703,,,,,
1743603823.4902806,,,,,1.9972423858310997,,,,,
1743603823.5104167,,,,,1.9781335449663415,,,,,
1743603823.5305488,,,,,1.9410014363590828,,,,,
1743603823.5523643,,,,,1.8861843799053568,,,,,
1743603823.5724642,,,,,1.8141818274686816,,,,,
1743603823.5925984,,,,,1.7256498122496524,,,,,
1743603823.612724,,,,,1.6213949715039473,,,,,
1743603823.633003,,,,,1.5023671970692503,,,,,
1743603823.6533408,,,,,1.3696509806639723,,,,,
1743603823.673478,,,,,1.2244555328129214,,,,,
1743603823.695133,,,,,1.0681037654288281,,,,,
1743603823.715258,,,,,0.9020202384322042,,,,,
1743603823.735365,,,,,0.7277181802308547,,,,,
1743603823.755541,0.0,0.0,0.0,,0.5467857003187172,-0.078,0.1143420369879351,0.0333333333333333,0.0,-0.0
1743603823.7756965,0.0,0.0,0.0,,0.3608713196144448,-0.078,0.1143420369879351,0.0333333333333333,0.0,-0.0
1743603823.7958786,0.0,0.0,0.0,,0.17166895037646035,-0.088,0.1144575684809545,0.0333333333333333,0.0,-0.0
1743603823.816069,0.0,0.0,0.0,,-0.019097537453811337,-0.078,0.1243741497544341,0.0333333333333333,0.0,-0.0
1743603823.8362255,0.0,0.0,0.0,,-0.20969002286062174,-0.078,0.1243741497544341,0.0333333333333333,0.0,-0.0
1743603823.8563633,0.0,0.0,0.0,,-0.3983719702076721,-0.088,0.1244238476166383,0.0333333333333333,0.0,-0.0
1743603823.8765807,0.0,0.0,0.0,,-0.58342425124709,-0.078,0.1343733976621681,0.0333333333333333,0.0,-0.0
1743603823.8969543,0.0,0.0,0.0,,-0.7631608085253653,-0.078,0.1343733976621681,0.0333333333333333,0.0,-0.0
1743603823.917097,0.0,0.0,318.0,,-0.9359440174730187,-0.088,0.1144575684809545,0.0333333333333333,0.0,-0.0
1743603823.9372406,0.0,0.0,318.0,,-1.1001996072102143,-0.078,0.1143749041212274,0.0333333333333333,0.0,-0.0
1743603823.9583695,0.0,0.0,318.0,,-1.2544310041210947,-0.078,0.1143749041212274,0.0333333333333333,0.0,-0.0
1743603823.9785254,0.0,0.0,318.0,,-1.3972329675089974,-0.088,0.1244238476166383,0.0333333333333333,0.0,-0.0
1743603823.9986978,0.0,0.0,318.0,,-1.5273043930946637,-0.088,0.1244238476166383,0.0333333333333333,0.0,-0.0
1743603824.019279,0.0,0.0,318.0,,-1.6434601677016152,-0.088,0.1144575684809545,0.0333333333333333,0.0,-0.0
1743603824.0394604,0.0,0.0,318.0,,-1.7446419671176616,-0.078,0.1244168899614006,0.0333333333333333,0.0,-0.0
1743603824.059798,0.0,0.0,318.0,,-1.8299278987505765,-0.088,0.12445664779192,0.0333333333333333,0.0,-0.0
1743603824.0799751,0.0,0.0,318.0,,-1.8985409012212617,-0.088,0.1144247021785602,0.0333333333333333,0.0,-0.0
1743603824.1001265,0.0,0.0,318.0,,-1.9498558243636472,-0.088,0.1244238476166383,0.0333333333333333,0.0,-0.0
1743603824.1203706,0.0,0.0,318.0,,-1.9834051251236584,-0.088,0.1144575684809545,0.0333333333333333,0.0,-0.0
1743603824.140651,0.0,0.0,318.0,,-1.9988831274605092,-0.088,0.1045014036739164,0.0333333333333333,0.0,-0.0
1743603824.1607947,0.0,0.0,318.0,,-1.996148807437294,-0.069,0.1243083983220074,0.0333333333333333,0.0,-0.0
1743603824.180949,0.0,0.0,318.0,,-1.9752270781252244,-0.088,0.1145003937732536,0.0333333333333333,0.0,-0.0
1743603824.2015302,0.0,0.0,318.0,,-1.9363085626144287,-0.088,0.1144247021785602,0.0333333333333333,0.0,-0.0
1743603824.2217038,0.0,0.0,318.0,,-1.8797478571994681,-0.088,0.12445664779192,0.0333333333333333,0.0,-0.0
1743603824.241858,0.0,0.0,318.0,,-1.8060603005641187,-0.088,0.1145003937732536,0.0333333333333333,0.0,-0.0
1743603824.2621365,0.0,0.0,318.0,,-1.7159172784021888,-0.088,0.1145003937732536,0.0333333333333333,0.0,-0.0
1743603824.2850208,0.0,0.0,318.0,,-1.6101401062551266,-0.088,0.1144247021785602,0.0333333333333333,0.0,-0.0
1743603824.3052232,0.0,0.0,318.0,,-1.4896925463014263,-0.088,0.1144247021785602,0.0333333333333333,0.0,-0.0
1743603824.3253798,0.0,0.0,318.0,,-1.3556720262792212,-0.088,0.1244238476166383,0.0333333333333333,0.0,-0.0
1743603824.3455222,0.0,0.0,318.0,,-1.2092996405486462,-0.078,0.1144177304961893,0.0333333333333333,0.0,-0.0
1743603824.365703,0.0,0.0,318.0,,-1.0519090243967837,-0.078,0.1144177304961893,0.0333333333333333,0.0,-0.0
1743603824.386387,0.0,0.0,318.0,,-0.8849342029541819,-0.098,0.1145930139987445,0.0333333333333333,0.0,-0.0
1743603824.4074569,0.0,0.0,318.0,,-0.7098965254344823,-0.078,0.1243741497544341,0.0333333333333333,0.0,-0.0
1743603824.430381,0.0,0.0,318.0,,-0.5283908037425726,-0.088,0.1144575684809545,0.0333333333333333,0.0,-0.0
1743603824.4506316,0.0,0.0,318.0,,-0.34207078174583055,-0.088,0.1044584919571622,0.0333333333333333,0.0,-0.0
1743603824.4713483,0.0,0.0,318.0,,-0.15263406760159592,-0.088,0.1144247021785602,0.0333333333333333,0.0,-0.0
1743603824.4915392,0.0,0.0,318.0,,0.03819333357386275,-0.088,0.1144247021785602,0.0333333333333333,0.0,-0.0
1743603824.5117176,0.0,0.0,318.0,,0.2286727457681247,-0.088,0.1144247021785602,0.0333333333333333,0.0,-0.0
1743603824.531913,0.0,0.0,318.0,,0.4170686635831123,-0.088,0.1044584919571622,0.0333333333333333,0.0,-0.0
1743603824.55206,0.0,0.0,318.0,,0.601664564857309,-0.088,0.1044584919571622,0.0333333333333333,0.0,-0.0
1743603824.5725155,0.0,0.0,318.0,,0.7807785503269895,-0.088,0.1144575684809545,0.0333333333333333,0.0,-0.0
1743603824.592677,0.0,0.0,318.0,,0.9527786678295872,-0.088,0.1144575684809545,0.0333333333333333,0.0,-0.0
1743603824.613071,0.0,0.0,318.0,,1.1160977814265929,-0.088,0.1144575684809545,0.0333333333333333,0.0,-0.0
1743603824.633531,0.0,0.0,318.0,,1.2692478499696669,-0.088,0.1144575684809545,0.0333333333333333,0.0,-0.0
1743603824.6538498,0.0,0.0,318.0,,1.4108334850143993,-0.088,0.1045014036739164,0.0333333333333333,0.0,-0.0
1743603824.6741683,0.0,0.0,318.0,,1.53956466455222,-0.088,0.1045014036739164,0.0333333333333333,0.0,-0.0
1743603824.6943574,0.0,0.0,318.0,,1.6542684867224222,-0.078,0.1143749041212274,0.0333333333333333,0.0,-0.0
1743603824.7145147,0.0,0.0,318.0,,1.7538998564133432,-0.078,0.1143420369879351,0.0333333333333333,0.0,-0.0
1743603824.734695,0.0,0.0,318.0,,1.837551007384395,-0.078,0.1143420369879351,0.0333333333333333,0.0,-0.0
1743603824.7548354,0.0,0.0,318.0,,1.9044597731505322,-0.078,0.1043756607717298,0.0333333333333333,0.0,-0.0
1743603824.7750103,0.0,0.0,318.0,,1.9540165312710494,-0.078,0.1243741497544341,0.0333333333333333,0.0,-0.0
1743603824.795309,0.0,0.0,318.0,,1.9857697577715774,-0.078,0.1243741497544341,0.0333333333333333,0.0,-0.0
1743603824.8155687,0.0,0.0,318.0,,1.9994301410915476,-0.088,0.1144575684809545,0.0333333333333333,0.0,-0.0
1743603824.836538,0.0,0.0,318.0,,1.9948732180739257,-0.088,0.1144575684809545,0.0333333333333333,0.0,-0.0
1743603824.8567293,0.0,0.0,318.0,,1.9721405079800571,-0.088,0.1144575684809545,0.0333333333333333,0.0,-0.0
1743603824.8769066,0.0,0.0,318.0,,1.9314391341973276,-0.088,0.1144575684809545,0.0333333333333333,0.0,-0.0
1743603824.8971164,0.0,0.0,318.0,,1.8731399370863573,-0.088,0.1144575684809545,0.0333333333333333,0.0,-0.0
1743603824.9173036,0.0,0.0,318.0,,1.7977740951620564,-0.088,0.1144575684809545,0.0333333333333333,0.0,-0.0
1743603824.9375665,0.0,0.0,318.0,,1.7060282853937805,-0.088,0.1044584919571622,0.0333333333333333,0.0,-0.0
1743603824.9580889,0.0,0.0,318.0,,1.5987384267203262,-0.088,0.1144575684809545,0.0333333333333333,0.0,-0.0
1743603824.9783034,0.0,0.0,318.0,,1.4768820637841382,-0.088,0.1144575684809545,0.0333333333333333,0.0,-0.0
1743603824.999643,0.0,0.0,318.0,,1.3415694602784458,-0.088,0.1144575684809545,0.0333333333333333,0.0,-0.0
1743603825.0198183,0.0,0.0,318.0,,1.1940334830580273,-0.088,0.1144575684809545,0.0333333333333333,0.0,-0.0
1743603825.0399675,0.0,0.0,318.0,,1.0356183691820342,-0.078,0.1243741497544341,0.0333333333333333,0.0,-0.0
1743603825.0601442,0.0,0.0,318.0,,0.8677674782351169,-0.078,0.1143749041212274,0.0333333333333333,0.0,-0.0
1743603825.0803251,0.0,0.0,318.0,,0.6920101415185174,-0.088,0.1144575684809545,0.0333333333333333,0.0,-0.0
1743603825.1005528,0.0,0.0,318.0,,0.5099477279314247,-0.088,0.1144575684809545,0.0333333333333333,0.0,-0.0
1743603825.120958,0.0,0.0,318.0,,0.3232390534998228,-0.088,0.1144247021785602,0.0333333333333333,0.0,-0.0
1743603825.1429384,0.0,0.0,318.0,,0.133585267490243,-0.088,0.1144247021785602,0.0333333333333333,0.0,-0.0
1743603825.1630838,0.0,0.0,318.0,,-0.0572856471851692,-0.078,0.1143749041212274,0.0333333333333333,0.0,-0.0
1743603825.183427,0.0,0.0,318.0,,-0.2476346180516606,-0.088,0.1144575684809545,0.0333333333333333,0.0,-0.0
1743603825.203771,0.0,0.0,318.0,,-0.4357273281945921,-0.088,0.12445664779192,0.0333333333333333,0.0,-0.0
1743603825.2240047,0.0,0.0,318.0,,-0.6198500180531201,-0.088,0.12445664779192,0.0333333333333333,0.0,-0.0
1743603825.244388,0.0,0.0,318.0,,-0.798325099910665,-0.088,0.12445664779192,0.0333333333333333,0.0,-0.0
1743603825.264578,0.0,0.0,318.0,,-0.9695264428147092,-0.088,0.1144247021785602,0.0333333333333333,0.0,-0.0
1743603825.2861383,0.0,0.0,318.0,,-1.1318941886611893,-0.088,0.1144247021785602,0.0333333333333333,0.0,-0.0
1743603825.3063517,0.0,0.0,318.0,,-1.2839489644504494,-0.088,0.1144247021785602,0.0333333333333333,0.0,-0.0
1743603825.3265622,0.0,0.0,318.0,,-1.4243053612233498,-0.088,0.1145003937732536,0.0333333333333333,0.0,-0.0
1743603825.3467152,0.0,0.0,318.0,,-1.5516845568675726,-0.088,0.1145003937732536,0.0333333333333333,0.0,-0.0
1743603825.366911,0.0,0.0,318.0,,-1.6649259677846255,-0.078,0.1143420369879351,0.0333333333333333,0.0,-0.0
1743603825.3870685,0.0,0.0,318.0,,-1.7629978232562529,-0.088,0.1144575684809545,0.0333333333333333,0.0,-0.0
1743603825.407232,0.0,0.0,318.0,,-1.8450065661646013,-0.088,0.1144575684809545,0.0333333333333333,0.0,-0.0
1743603825.427397,0.0,0.0,318.0,,-1.9102049944138242,-0.078,0.1144177304961893,0.0333333333333333,0.0,-0.0
1743603825.4479706,0.0,0.0,318.0,,-1.9579990688746045,-0.049,0.0955903923788028,0.0333333333333333,0.0,-0.0
1743603825.4683545,0.0,0.0,317.0,,-1.9879533258227127,-0.02,0.2650133151568834,0.0666666666666666,0.0,0.5
1743603825.4887338,0.0,0.0,328.0,,-1.9997948445575338,-0.186,0.0957802262716285,0.0666666666666666,0.0,0.2
1743603825.5110362,0.0,0.0,328.0,,-1.9934157340505887,-0.059,0.1393434392705046,0.0666666666666666,0.0,0.1666666666666666
1743603825.5315158,0.0,0.0,325.0,,-1.968874115967585,0.0,0.1400265651596992,0.0666666666666666,0.0,0.3
1743603825.5518885,0.0,0.0,323.0,,-1.9263935951074358,-0.343,0.1399447416982315,0.0333333333333333,0.0,0.4
1743603825.5723176,0.0,0.0,323.0,,-1.8663612220832053,-0.343,0.1399447416982315,0.0333333333333333,0.0,0.4
1743603825.592497,0.0,0.0,321.0,,-1.7893239668075098,0.097,0.1733051563909882,0.0666666666666666,0.0,0.2
1743603825.6126635,0.0,0.0,319.0,,-1.6959837349133207,-0.147,0.1278167229231108,0.0333333333333333,0.0,-0.0
1743603825.6328385,0.0,0.0,319.0,,-1.5871909725168047,-0.147,0.1278167229231108,0.0333333333333333,0.0,-0.0
1743603825.6530151,0.0,0.0,319.0,,-1.4639369175908017,0.176,0.1204907437237778,0.0333333333333333,0.0,-0.1
1743603825.6731684,0.0,0.0,319.0,,-1.3273445685486027,-0.127,0.0901047539786095,0.0333333333333333,0.0,-0.2333333333333333
1743603825.6934433,0.0,0.0,319.0,,-1.1786584523255295,-0.127,0.0901047539786095,0.0333333333333333,0.0,-0.2333333333333333
1743603825.713667,0.0,0.0,319.0,,-1.0192332851838362,-0.186,0.1064204784346127,0.0333333333333333,-0.0333333333333333,-0.3
1743603825.7338915,0.0,0.0,319.0,,-0.8505216295552114,-0.098,0.0955523025395876,0.0666666666666666,0.0,-0.4666666666666667
1743603825.75412,0.0,0.0,319.0,,-0.6740606593824485,-0.098,0.0955523025395876,0.0666666666666666,0.0,-0.4666666666666667
1743603825.7743168,0.0,0.0,320.0,,-0.491458154544521,-0.078,0.1136714852664599,0.0333333333333333,0.0,-0.4
1743603825.7947674,0.0,0.0,320.0,,-0.30437785197340667,-0.216,0.1585855756682672,0.0333333333333333,0.0,-0.3
1743603825.8149214,0.0,0.0,320.0,,-0.11452428693224151,-0.216,0.1585855756682672,0.0333333333333333,0.0,-0.3
1743603825.8352733,0.0,0.0,321.0,,0.0763727374302916,0.068,0.1450146826045166,0.0333333333333333,0.0,-0.2
1743603825.855589,0.0,0.0,321.0,,0.2665739107475586,0.028,0.0759676725712878,0.0333333333333333,0.0,-0.2
1743603825.876068,0.0,0.0,321.0,,0.4543462627252378,0.028,0.0759676725712878,0.0333333333333333,0.0,-0.2
1743603825.8963346,0.0,0.0,322.0,,0.6379789526655693,-0.039,0.1735474954711122,0.0333333333333333,0.0,-0.2
1743603825.9164977,0.0,0.0,322.0,,0.8157988573633518,-0.039,0.1043717686523688,0.0333333333333333,-0.0333333333333333,-0.2333333333333333
1743603825.9374485,0.0,0.0,322.0,,0.9861858153484615,-0.039,0.1043717686523688,0.0333333333333333,-0.0333333333333333,-0.2333333333333333
1743603825.957645,0.0,0.0,322.0,,1.1475873885808023,-0.059,0.1066990277555639,0.0333333333333333,0.0,-0.1333333333333333
1743603825.9779868,0.0,0.0,323.0,,1.2985330071002095,-0.265,0.137523259550246,0.0333333333333333,0.0,-0.2
1743603825.9981933,0.0,0.0,323.0,,1.4376473677558583,-0.265,0.137523259550246,0.0333333333333333,0.0,-0.2
1743603826.0185697,0.0,0.0,323.0,,1.563662964936059,0.176,0.1056652440414804,0.0666666666666666,0.0,-0.0666666666666666
1743603826.0387585,0.0,0.0,323.0,,1.6754316391277746,-0.147,0.1369761257805688,0.0333333333333333,0.0,-0.0333333333333333
1743603826.0594747,0.0,0.0,323.0,,1.7719350380841066,-0.147,0.1369761257805688,0.0333333333333333,0.0,-0.0333333333333333
1743603826.0832794,0.0,0.0,323.0,,1.8522938952854227,-0.245,0.1277829635128462,0.0333333333333333,0.0,-0.1666666666666666
1743603826.103467,0.0,0.0,323.0,,1.9157760411557574,-0.127,0.1587502051770144,0.0333333333333333,0.0,-0.2
1743603826.1236193,0.0,0.0,323.0,,1.961803074042301,-0.216,0.0943140885386633,0.0666666666666666,0.0,-0.1666666666666666
1743603826.143788,0.0,0.0,323.0,,1.9899556301770083,-0.216,0.0943140885386633,0.0666666666666666,0.0,-0.1666666666666666
1743603826.1642654,0.0,0.0,324.0,,1.9999772046044184,0.019,0.1482649907310005,0.0333333333333333,0.0,-0.0666666666666666
1743603826.184571,0.0,0.0,324.0,,1.9917764882622253,0.019,0.1482649907310005,0.0333333333333333,0.0,-0.0666666666666666
1743603826.2074025,0.0,0.0,324.0,,1.9654281999209042,-0.069,0.1200908483101788,0.0666666666666666,0.0,0.0333333333333333
1743603826.2275746,0.0,0.0,324.0,,1.9211724054023713,-0.196,0.1378141051528452,0.0666666666666666,0.0,-0.0
1743603826.2478044,0.0,0.0,323.0,,1.859412330280448,-0.333,0.1197479705460455,0.0333333333333333,0.0,-0.0666666666666666
1743603826.2681136,0.0,0.0,323.0,,1.7807106859921598,-0.608,0.1975509717459953,0.0333333333333333,0.0,-0.1333333333333333
1743603826.2883046,0.0,0.0,324.0,,1.6857845428335938,-0.127,0.0125470597377841,0.0333333333333333,0.0,-0.3
1743603826.308493,0.0,0.0,324.0,,1.575498796553705,0.146,0.1742831850139978,0.0666666666666666,-0.0333333333333333,-0.2333333333333333
1743603826.3288493,0.0,0.0,322.0,,1.450858288073594,-0.059,0.1047557188826964,0.0333333333333333,0.0,-0.2
1743603826.3523734,0.0,-1.0,318.0,,1.3129986481304348,-0.059,0.1347511664354694,0.0666666666666666,0.0,-0.1666666666666666
1743603826.372718,0.0,-1.0,318.0,,1.1631759502627923,0.058,0.1157098272615329,0.0333333333333333,0.0,-0.1
1743603826.392917,0.0,-1.0,318.0,,1.0027552664115593,-0.216,0.1317882674104584,0.0333333333333333,0.0,-0.0666666666666666
1743603826.4131029,0.0,-1.0,318.0,,0.8331982294092831,-0.216,0.1317882674104584,0.0333333333333333,0.0,-0.0666666666666666
1743603826.4333105,0.0,-1.0,318.0,,0.6560497156791422,0.0,0.1128332086470553,0.0333333333333333,0.0,-0.0666666666666666
1743603826.4534872,0.0,-1.0,318.0,,0.4729237694808219,0.097,0.1149467891509576,0.0333333333333333,0.0,-0.1
1743603826.4736688,0.0,-1.0,318.0,,0.28548889695098634,0.097,0.1149467891509576,0.0333333333333333,0.0,-0.1
1743603826.4938304,0.0,-1.0,318.0,,0.09545286392804941,0.077,0.187222368344571,0.0333333333333333,0.0,-0.0666666666666666
1743603826.5140035,0.0,-1.0,318.0,,-0.09545286392805052,-0.216,0.0876332639966364,0.0666666666666666,0.0,-0.2
1743603826.5341833,0.0,-1.0,318.0,,-0.28548889695098745,-0.216,0.0876332639966364,0.0666666666666666,0.0,-0.2
1743603826.554371,0.0,-1.0,318.0,,-0.4729237694808195,-0.196,0.1264882256534729,0.0333333333333333,0.0,-0.2333333333333333
1743603826.5747633,0.0,-1.0,319.0,,-0.6560497156791364,0.126,0.1193587654162655,0.0333333333333333,-0.0333333333333333,-0.2666666666666666
1743603826.5961597,0.0,-1.0,319.0,,-0.8331982294092809,0.126,0.1193587654162655,0.0333333333333333,-0.0333333333333333,-0.2666666666666666
1743603826.6163564,0.0,-1.0,319.0,,-1.0027552664115542,-0.039,0.2063026189560588,0.0666666666666666,0.0,-0.1666666666666666
1743603826.6366053,0.0,-1.0,319.0,,-1.1631759502627903,0.283,0.0952098033008344,0.0333333333333333,0.0,-0.1666666666666666
1743603826.656775,0.0,-1.0,319.0,,-1.3129986481304357,0.264,0.1912558577566034,0.0333333333333333,0.0,-0.1
1743603826.6769693,-1.0,-1.0,316.0,,-1.4508582880735923,0.1612081071497512,0.0671181857366747,0.0333333333333333,0.0,-0.0
1743603826.697321,-1.0,-2.0,315.0,,-1.5754987965537057,-0.1527918928502487,0.2106035746240433,0.0666666666666666,0.0,-0.0
1743603826.7178276,-1.0,-2.0,315.0,,-1.6857845428335925,-0.1527918928502487,0.2106035746240433,0.0666666666666666,0.0,-0.0
1743603826.7380204,-1.0,-2.0,313.0,,-1.7807106859921604,-0.0447918928502487,0.1620736806078806,0.0333333333333333,0.0,-0.0
1743603826.7585292,-1.0,-2.0,313.0,,-1.8594123302804457,0.0832081071497512,-0.0465589295908497,0.0333333333333333,0.0,-0.0
1743603826.7786906,-1.0,-2.0,313.0,,-1.9211724054023707,0.0832081071497512,-0.0465589295908497,0.0333333333333333,0.0,-0.0
1743603826.7990844,-1.0,-2.0,313.0,,-1.9654281999209031,0.1612081071497512,0.2230435974700988,0.0333333333333333,0.0,-0.0
1743603826.820054,-1.0,-2.0,313.0,,-1.9917764882622258,0.0442081071497512,0.0913569732612167,0.0666666666666666,0.0,-0.0
1743603826.840452,-1.0,-2.0,313.0,,-1.9999772046044184,0.0142081071497512,0.1748979039974738,0.0666666666666666,0.0,-0.0
1743603826.860664,-1.0,-1.0,312.0,,-1.9899556301770078,-0.0837918928502487,0.0997960889545375,0.0333333333333333,0.0,-0.0666666666666666
1743603826.880844,-1.0,-1.0,313.0,,-1.9618030740423007,0.0932081071497512,0.1144705157215,0.0333333333333333,0.0,-0.1333333333333333
1743603826.9015937,-1.0,-1.0,313.0,,-1.915776041155758,0.1712081071497512,0.2335235051670317,0.0333333333333333,0.0,-0.1333333333333333
1743603826.9220653,-1.0,-1.0,313.0,,-1.8522938952854249,0.2782081071497512,-0.0223358965918176,0.0333333333333333,0.0,-0.0333333333333333
1743603826.9425874,-1.0,-1.0,313.0,,-1.771935038084108,0.2972081071497512,0.1644692850511777,0.0333333333333333,0.0,-0.0
1743603826.9630604,-1.0,-1.0,313.0,,-1.675431639127774,0.2972081071497512,0.1644692850511777,0.0333333333333333,0.0,-0.0
1743603826.9835591,0.0,-1.0,313.0,,-1.5636629649360605,-0.245,0.0599381515246086,0.0333333333333333,0.0,-0.0
1743603827.0039463,0.0,-1.0,313.0,,-1.4376473677558577,-0.235,0.2347552507659731,0.0333333333333333,0.0,-0.0333333333333333
1743603827.024257,0.0,-1.0,313.0,,-1.2985330071002112,-0.284,0.0301636641767117,0.0666666666666666,0.0,-0.1333333333333333
1743603827.0444243,0.0,-1.0,313.0,,-1.1475873885808043,-0.284,0.0301636641767117,0.0666666666666666,0.0,-0.1333333333333333
1743603827.0646205,0.0,0.0,313.0,,-0.9861858153484667,0.107,0.1346394819581426,0.0666666666666666,0.0,-0.0
1743603827.0847747,0.0,0.0,313.0,,-0.815798857363354,-0.02,0.0853991946681116,0.0333333333333333,0.0,0.0666666666666666
1743603827.1049953,0.0,0.0,312.0,,-0.637978952665575,-0.147,0.1362782623112561,0.0666666666666666,0.0,0.0333333333333333
1743603827.1254182,0.0,0.0,312.0,,-0.4543462627252402,0.009,0.0650767060383152,0.0666666666666666,0.0,-0.0
1743603827.1457298,0.0,0.0,312.0,,-0.2665739107475575,-0.049,0.1344131752931616,0.0666666666666666,0.0,-0.1
1743603827.166138,0.0,0.0,312.0,,-0.07637273743028695,-0.069,0.1641467398664744,0.0333333333333333,0.0,-0.1
1743603827.1867952,0.0,0.0,312.0,,1.5,0.019,0.0887769475656057,0.0333333333333333,0.0,-0.0333333333333333
1743603827.2073398,0.0,0.0,312.0,,1.5,0.019,0.0751879408713147,0.0666666666666666,0.0,0.0333333333333333
1743603827.2275057,0.0,0.0,312.0,,1.5,-0.088,0.1550587275827357,0.0333333333333333,0.0,0.0333333333333333
1743603827.2476923,0.0,0.0,311.0,,1.5,0.068,0.1042698733151787,0.0333333333333333,-0.0333333333333333,0.1
1743603827.2678576,0.0,0.0,311.0,,1.5,-0.226,0.120526042957568,0.0333333333333333,0.0,0.1
1743603827.2880292,0.0,0.0,311.0,,1.5,-0.206,0.1561709780599383,0.0333333333333333,0.0,0.0333333333333333
1743603827.308462,0.0,0.0,311.0,,1.5,0.0,0.0851743812786693,0.0666666666666666,0.0,0.0666666666666666
1743603827.3287709,0.0,0.0,311.0,,1.5,-0.137,0.1741578755986985,0.0666666666666666,0.0,0.0333333333333333
1743603827.349305,0.0,0.0,310.0,,1.5,-0.078,0.1643509778119884,0.0666666666666666,0.0,0.1333333333333333
1743603827.3695288,0.0,0.0,310.0,,1.5,-0.078,0.1643509778119884,0.0666666666666666,0.0,0.1333333333333333
1743603827.3899825,0.0,0.0,310.0,,1.5,-0.206,0.0578394042757341,0.0333333333333333,0.0,0.0666666666666666
1743603827.4116273,0.0,0.0,310.0,,1.5,-0.284,0.1581541547253557,0.0333333333333333,0.0,-0.0
1743603827.4318285,0.0,0.0,310.0,,1.5,-0.284,0.1581541547253557,0.0333333333333333,0.0,-0.0
1743603827.453925,0.0,0.0,310.0,,1.5,0.0,0.0753799259339693,0.0666666666666666,0.0,-0.0
1743603827.4741457,0.0,0.0,310.0,,1.5,-0.216,0.0773612602055475,0.0333333333333333,0.0,-0.0666666666666666
1743603827.4943175,0.0,0.0,310.0,,1.5,-0.216,0.0773612602055475,0.0333333333333333,0.0,-0.0666666666666666
1743603827.5145934,0.0,0.0,310.0,,1.5,-0.431,0.0960019934536227,0.0333333333333333,0.0,-0.1
1743603827.536198,0.0,0.0,310.0,,1.5,0.019,0.0851924651019988,0.0333333333333333,0.0,-0.0333333333333333
1743603827.5563428,0.0,0.0,310.0,,1.5,0.019,0.0851924651019988,0.0333333333333333,0.0,-0.0333333333333333
1743603827.576556,0.0,0.0,310.0,,1.5,-0.088,0.0979168800709118,0.0333333333333333,0.0,-0.0333333333333333
1743603827.596708,0.0,0.0,310.0,,1.5,0.087,0.1549394507738668,0.0333333333333333,0.0,-0.0
1743603827.6169772,0.0,0.0,310.0,,1.5,0.087,0.1549394507738668,0.0333333333333333,0.0,-0.0
1743603827.6372695,0.0,0.0,310.0,,1.5,-0.284,0.1312076671660058,0.0666666666666666,0.0,-0.1
1743603827.660348,0.0,0.0,310.0,,1.5,-0.157,0.1595121126429894,0.0333333333333333,0.0,-0.1666666666666666
1743603827.680498,0.0,0.0,310.0,,1.5,-0.039,0.1243054163662922,0.0666666666666666,0.0,-0.2
1743603827.7006528,0.0,0.0,311.0,,1.5,0.126,0.0658749456212586,0.0666666666666666,-0.0333333333333333,-0.1666666666666666
1743603827.7208936,0.0,0.0,311.0,,1.5,0.087,0.183442677257597,0.0333333333333333,0.0,-0.1333333333333333
1743603827.7410605,0.0,0.0,311.0,,1.5,0.126,0.0568740013832957,0.0333333333333333,0.0,-0.1333333333333333
1743603827.761233,0.0,0.0,311.0,,1.5,0.019,0.1553789507094194,0.0333333333333333,0.0,-0.1666666666666666
1743603827.78142,0.0,0.0,311.0,,1.5,0.028,0.1388948787100439,0.0333333333333333,0.0,-0.1
1743603827.8020587,0.0,0.0,311.0,,1.5,-0.039,0.1359390217713638,0.0666666666666666,0.0,-0.0666666666666666
1743603827.826279,0.0,0.0,311.0,,1.5,-0.039,0.1359390217713638,0.0666666666666666,0.0,-0.0666666666666666
1743603827.8464458,0.0,0.0,311.0,,1.5,-0.284,0.0811525373317447,0.0666666666666666,0.0,-0.0
1743603827.8666673,0.0,0.0,311.0,,1.5,0.0,0.1633732510965249,0.0333333333333333,0.0,-0.0
1743603827.886918,0.0,0.0,311.0,,1.5,0.019,0.0657066334645257,0.0666666666666666,0.0,-0.0
1743603827.9072278,0.0,0.0,311.0,,1.5,-0.02,0.1061165204375456,0.0333333333333333,0.0,-0.0
1743603827.9275255,0.0,0.0,311.0,,1.5,-0.157,0.1294875765489695,0.0333333333333333,0.0,-0.0
1743603827.9476988,0.0,0.0,311.0,,1.5,0.068,0.1547939913854605,0.0333333333333333,0.0,-0.0
1743603827.9688976,0.0,0.0,311.0,,1.5,-0.069,0.0657126681104838,0.0666666666666666,0.0,0.0333333333333333
1743603827.9890573,0.0,0.0,311.0,,1.5,-0.069,0.0657126681104838,0.0666666666666666,0.0,0.0333333333333333
1743603828.0122995,0.0,0.0,311.0,,1.5,-0.206,-0.0304261247624015,0.0666666666666666,0.0,-0.0333333333333333
1743603828.032445,0.0,0.0,311.0,,1.5,-0.206,-0.0304261247624015,0.0666666666666666,0.0,-0.0333333333333333
1743603828.0526228,0.0,0.0,311.0,,1.5,0.087,0.1844184871468428,0.0666666666666666,0.0,-0.0
1743603828.0727804,0.0,0.0,311.0,,1.5,-0.039,0.1068072795996784,0.0333333333333333,0.0,0.0666666666666666
1743603828.0929573,0.0,0.0,311.0,,1.5,-0.039,0.1068072795996784,0.0333333333333333,0.0,0.0666666666666666
1743603828.1131215,0.0,0.0,311.0,,1.5,0.0,0.1141195775689585,0.0333333333333333,0.0,0.0666666666666666
1743603828.1345675,0.0,0.0,311.0,,1.5,0.028,0.1675930185476719,0.0666666666666666,0.0,-0.0
1743603828.154729,0.0,0.0,311.0,,1.5,0.028,0.1675930185476719,0.0666666666666666,0.0,-0.0
1743603828.1753457,0.0,0.0,311.0,,1.5,-0.137,0.1628596530182537,0.0666666666666666,0.0,0.0333333333333333
1743603828.1954906,0.0,0.0,311.0,,1.5,-0.304,0.1494860258835082,0.0333333333333333,0.0,-0.0
1743603828.21567,0.0,0.0,311.0,,1.5,-0.304,0.1494860258835082,0.0333333333333333,0.0,-0.0
1743603828.237355,0.0,0.0,310.0,,1.5,0.0,0.0655866422750666,0.0666666666666666,0.0,-0.0
1743603828.2575293,0.0,0.0,310.0,,1.5,-0.284,0.1718280511569219,0.0333333333333333,0.0,-0.0
1743603828.2776906,0.0,0.0,310.0,,1.5,-0.284,0.1718280511569219,0.0333333333333333,0.0,-0.0
1743603828.2978604,0.0,0.0,310.0,,1.5,-0.382,0.1028618001199888,0.0666666666666666,0.0,0.0333333333333333
1743603828.3182492,0.0,0.0,310.0,,1.5,-0.255,0.108800800303765,0.0333333333333333,0.0,0.0333333333333333
1743603828.3390217,0.0,0.0,310.0,,1.5,-0.255,0.108800800303765,0.0333333333333333,0.0,0.0333333333333333
1743603828.3593943,0.0,0.0,310.0,,1.5,0.048,0.1055064246209553,0.0333333333333333,0.0,-0.0
1743603828.3795748,0.0,0.0,310.0,,1.5,0.117,0.163750009527634,0.0666666666666666,0.0,0.0333333333333333
1743603828.3997164,0.0,0.0,310.0,,1.5,-0.324,0.0540555344686257,0.0666666666666666,0.0,0.0333333333333333
1743603828.420197,0.0,0.0,310.0,,1.5,-0.029,0.2121535821227134,0.0333333333333333,0.0,-0.0
1743603828.4406402,0.0,0.0,310.0,,1.5,0.0,0.0950391961590959,0.0333333333333333,0.0,-0.0
1743603828.4610531,0.0,0.0,310.0,,1.5,-0.431,0.0744066683827213,0.0333333333333333,0.0,-0.0666666666666666
1743603828.4814138,0.0,0.0,310.0,,1.5,-0.431,0.0744066683827213,0.0333333333333333,0.0,-0.0666666666666666
1743603828.501611,0.0,0.0,310.0,,1.5,-0.431,0.017674005121302,0.0666666666666666,0.0,0.0333333333333333
1743603828.522139,0.0,0.0,310.0,,1.5,-0.108,0.0814504894097503,0.0333333333333333,0.0,0.0333333333333333
1743603828.5426068,0.0,0.0,310.0,,1.5,0.097,0.1432455016670157,0.0333333333333333,0.0,0.1
1743603828.5653806,0.0,0.0,309.0,,1.5,-0.618,0.0841743927185429,0.0666666666666666,0.0,-0.0
1743603828.585551,0.0,0.0,309.0,,1.5,0.146,0.2055572664945675,0.0,0.0,-0.0
1743603828.60572,0.0,0.0,309.0,,1.5,-0.147,0.1219586193405355,0.0666666666666666,0.0,0.0666666666666666
1743603828.6259253,0.0,0.0,309.0,,1.5,-0.265,0.0917430940965129,0.0666666666666666,0.0,-0.0
1743603828.6460843,0.0,0.0,309.0,,1.5,0.274,0.1619408596984612,0.0333333333333333,0.0,0.1333333333333333
1743603828.666227,0.0,0.0,309.0,,1.5,-0.235,0.136857231872808,0.0666666666666666,0.0,0.1
1743603828.6865294,0.0,0.0,309.0,,1.5,-0.01,0.1565273771443944,0.0333333333333333,0.0,0.1333333333333333
1743603828.706811,0.0,0.0,309.0,,1.5,-0.01,0.1565273771443944,0.0333333333333333,0.0,0.1333333333333333
1743603828.7270503,0.0,0.0,308.0,,1.5,0.068,0.1053088871898122,0.0333333333333333,0.0,0.0666666666666666
1743603828.7472072,0.0,0.0,308.0,,1.5,-0.078,0.2223706282941044,0.0333333333333333,0.0,-0.0
1743603828.7673469,0.0,0.0,308.0,,1.5,0.097,0.0655126639535605,0.0666666666666666,0.0,-0.0
1743603828.7876534,0.0,0.0,308.0,,1.5,0.274,0.1866855606803419,0.0666666666666666,0.0,0.0333333333333333
1743603828.8079016,0.0,0.0,308.0,,1.5,-0.01,0.0862396033672077,0.0666666666666666,0.0,-0.0
1743603828.828161,0.0,0.0,308.0,,1.5,-0.078,0.0893141185074899,0.0666666666666666,0.0,-0.0
1743603828.8484118,0.0,0.0,308.0,,1.5,-0.304,0.1809689774036549,0.0333333333333333,0.0,-0.0333333333333333
1743603828.8687994,0.0,0.0,308.0,,1.5,0.038,0.1737447190197514,0.0666666666666666,0.0,-0.0333333333333333
1743603828.8890724,0.0,0.0,308.0,,1.5,0.038,0.0820115495564639,0.0666666666666666,0.0,0.0333333333333333
1743603828.909732,0.0,0.0,308.0,,1.5,-0.275,0.0901649254866789,0.0666666666666666,0.0,0.1
1743603828.9301,0.0,0.0,308.0,,1.5,-0.275,0.0901649254866789,0.0666666666666666,0.0,0.1
1743603828.950271,0.0,0.0,308.0,,1.5,0.126,0.0693014093385393,0.0333333333333333,0.0,0.1
1743603828.9704232,0.0,0.0,307.0,,1.5,-0.431,0.203182697399944,0.0333333333333333,0.0,0.1666666666666666
1743603828.9907498,0.0,0.0,307.0,,1.5,-0.431,0.203182697399944,0.0333333333333333,0.0,0.1666666666666666
1743603829.0110595,0.0,0.0,307.0,,1.5,-0.196,0.1182127575370532,0.0333333333333333,0.0,0.2
1743603829.031361,0.0,0.0,306.0,,1.5,0.0,0.0552399534947287,0.0333333333333333,0.0,0.2
1743603829.0514953,0.0,0.0,306.0,,1.5,0.0,0.0552399534947287,0.0333333333333333,0.0,0.2
1743603829.0716517,0.0,0.0,306.0,,1.5,-0.412,0.1132502047284322,0.0333333333333333,0.0,0.2
1743603829.092009,0.0,0.0,306.0,,1.5,-0.235,0.0298782741353971,0.0333333333333333,0.0,0.2
1743603829.1122804,0.0,0.0,306.0,,1.5,-0.235,0.0298782741353971,0.0333333333333333,0.0,0.2
1743603829.1325488,0.0,0.0,305.0,,1.5,-0.353,0.1991410667091955,0.0666666666666666,0.0,0.2666666666666666
1743603829.1527054,0.0,0.0,305.0,,1.5,-0.363,0.0329815906624588,0.0666666666666666,0.0,0.2
1743603829.172878,0.0,0.0,305.0,,1.5,-0.363,0.0329815906624588,0.0666666666666666,0.0,0.2
1743603829.1931324,0.0,0.0,305.0,,1.5,-0.363,0.0329815906624588,0.0666666666666666,0.0,0.2
1743603829.2133894,0.0,0.0,304.0,,1.5,-0.353,0.1936426509704141,0.0333333333333333,0.0,0.1666666666666666
1743603829.2336533,0.0,0.0,304.0,,1.5,-0.353,0.1936426509704141,0.0333333333333333,0.0,0.1666666666666666
1743603829.254002,0.0,0.0,304.0,,1.5,-0.353,0.1936426509704141,0.0333333333333333,0.0,0.1666666666666666
1743603829.2742398,0.0,0.0,303.0,,1.5,-0.098,0.006977658393735,0.0666666666666666,0.0,-0.0
1743603829.2943482,0.0,0.0,303.0,,1.5,-0.098,0.006977658393735,0.0666666666666666,0.0,-0.0
1743603829.3145216,0.0,0.0,303.0,,1.5,-0.216,0.1103190564932354,0.0666666666666666,0.0,-0.0
1743603829.3347745,0.0,0.0,303.0,,1.5,0.234,0.1455294402521865,0.0333333333333333,0.0,-0.0333333333333333
1743603829.3572197,0.0,0.0,303.0,,1.5,0.234,0.1455294402521865,0.0333333333333333,0.0,-0.0333333333333333
1743603829.377335,0.0,0.0,303.0,,1.5,0.009,0.2016808916391621,0.0333333333333333,0.0,-0.0
1743603829.3975005,0.0,0.0,303.0,,1.5,-0.402,0.2133663649649655,0.0333333333333333,0.0,-0.1666666666666666
1743603829.4176888,0.0,0.0,303.0,,1.5,-0.402,0.2133663649649655,0.0333333333333333,0.0,-0.1666666666666666
1743603829.4380305,0.0,0.0,304.0,,1.5,0.332,0.1763780395478527,0.0333333333333333,0.0,-0.3
1743603829.4582877,0.0,0.0,302.0,,1.5,0.421,0.0549423699564961,0.0333333333333333,-0.0333333333333333,-0.1333333333333333
1743603829.4786708,0.0,0.0,302.0,,1.5,0.421,0.0549423699564961,0.0333333333333333,-0.0333333333333333,-0.1333333333333333
1743603829.498849,0.0,-1.0,298.0,,1.5,-0.177,0.1295332271474905,0.0666666666666666,0.0,0.0666666666666666
1743603829.5190134,1.0,-1.0,296.0,,1.5,-0.2592081071497513,0.1450724852844214,0.0666666666666666,0.0,-0.0666666666666666
1743603829.539191,1.0,-1.0,296.0,,1.5,-0.2592081071497513,0.1450724852844214,0.0666666666666666,0.0,-0.0666666666666666
1743603829.559502,1.0,-2.0,294.0,,1.5,-0.1132081071497512,0.127124883253634,0.0333333333333333,-0.0333333333333333,0.0333333333333333
1743603829.580043,2.0,-2.0,294.0,,1.5,-0.6463640626515346,0.0658847442074641,0.0333333333333333,0.0,0.1333333333333333
1743603829.6001675,1.0,-2.0,294.0,,1.5,-1.171208107149751,0.204772507442513,0.0666666666666666,0.0,-0.0333333333333333
1743603829.6203349,1.0,-2.0,294.0,,1.5,-0.4362081071497513,0.1434680324636268,0.0666666666666666,0.0,-0.0333333333333333
1743603829.6405263,2.0,-2.0,294.0,,1.5,-0.3043640626515345,0.1044584919571622,0.0333333333333333,0.0666666666666666,-0.0
1743603829.6607254,2.0,-2.0,294.0,,1.5,-0.3043640626515345,0.1044584919571622,0.0333333333333333,0.0666666666666666,-0.0
1743603829.680876,2.0,-2.0,293.0,,1.5,-0.1863640626515345,0.1256768289774683,0.0666666666666666,-0.0666666666666666,0.1333333333333333
1743603829.7011497,2.0,-2.0,293.0,,1.5,-0.5683640626515345,0.1081062797379637,0.0666666666666666,0.0,0.1666666666666666
1743603829.7213385,2.0,-2.0,292.0,,1.5,-0.3233640626515345,0.12592680134785,0.0333333333333333,0.0,0.1
1743603829.744357,2.0,-2.0,292.0,,1.5,-0.2743640626515345,0.1018119209412411,0.0333333333333333,0.0,0.0666666666666666
1743603829.7645476,2.0,-2.0,292.0,,1.5,-0.3143640626515345,0.1731519791701306,0.0333333333333333,0.0,0.0333333333333333
1743603829.7847009,2.0,-2.0,292.0,,1.5,-0.5383640626515345,0.0904115520705151,0.0333333333333333,0.0,0.0666666666666666
1743603829.8048637,2.0,-2.0,292.0,,1.5,-0.5383640626515345,0.1273608064676654,0.0666666666666666,0.0,0.2
1743603829.8261788,2.0,-2.0,291.0,,1.5,-0.4303640626515345,0.1261037873178363,0.0666666666666666,0.0,0.2
1743603829.8463273,2.0,-2.0,291.0,,1.5,-0.3523640626515345,0.1344813218804876,0.0333333333333333,0.0,0.2
1743603829.8665235,2.0,-1.0,291.0,,1.5,-0.2743640626515345,0.1243443306745408,0.0333333333333333,-0.0333333333333333,0.2666666666666666
1743603829.8867638,2.0,-1.0,290.0,,1.5,-0.6173640626515345,0.118824502420443,0.0333333333333333,0.0333333333333333,0.2333333333333333
1743603829.9069288,2.0,-1.0,290.0,,1.5,-0.4793640626515345,0.1436871219151534,0.0333333333333333,0.0333333333333333,0.1333333333333333
1743603829.9282296,2.0,-1.0,290.0,,1.5,-0.3423640626515345,0.1468344422037724,0.0666666666666666,-0.0333333333333333,0.0333333333333333
1743603829.9483924,1.0,-1.0,289.0,,1.5,-0.0452081071497512,0.1157250095495694,0.0333333333333333,-0.1,0.1
1743603829.968573,2.0,-1.0,290.0,,1.5,-1.2253640626515343,0.2412720276780753,0.0333333333333333,-0.0333333333333333,0.3
1743603829.9894464,2.0,0.0,290.0,,1.5,-0.6463640626515346,0.1224000566209646,0.0666666666666666,0.0333333333333333,0.2
1743603830.009631,3.0,-1.0,291.0,,1.5,-1.0724157307432791,0.1619260868416336,0.0666666666666666,0.0,0.3
1743603830.0299442,3.0,-1.0,292.0,,1.5,-0.876415730743279,0.1257696674866277,0.0333333333333333,0.1,0.1
1743603830.0502784,3.0,-1.0,293.0,,1.5,-0.5624157307432791,0.1936788646038927,0.0666666666666666,0.0,0.3
1743603830.070682,3.0,-1.0,293.0,,1.5,-0.5624157307432791,0.1936788646038927,0.0666666666666666,0.0,0.3
1743603830.0914311,4.0,-1.0,293.0,,1.5,-1.0573110074298693,0.1943237472463845,0.1666666666666666,0.0,0.4
1743603830.111788,5.0,-1.0,295.0,,1.5,-0.2379978363545266,0.3653545769056805,0.0,-0.2,0.3333333333333333
1743603830.1319623,5.0,-1.0,295.0,,1.5,-0.2379978363545266,0.3653545769056805,0.0,-0.2,0.3333333333333333
1743603830.1521726,5.0,-1.0,295.0,,1.5,-0.2579978363545266,0.4103989960723133,0.0666666666666666,-0.0666666666666666,0.1666666666666666
1743603830.1752305,6.0,0.0,297.0,,1.5,-1.3294242246556809,0.4962605588009037,0.0666666666666666,-0.0333333333333333,-0.3666666666666666
1743603830.195403,6.0,0.0,297.0,,1.5,-1.3294242246556809,0.4962605588009037,0.0666666666666666,-0.0333333333333333,-0.3666666666666666
1743603830.2155678,6.0,-1.0,300.0,,1.5,-1.1434242246556807,0.1034999251304658,0.0,0.0,-0.8666666666666667
1743603830.2359726,6.0,-1.0,301.0,,1.5,-1.1824242246556806,-0.008944622569718,0.0333333333333333,0.0,-0.6666666666666666
1743603830.2602916,6.0,-1.0,301.0,,1.5,-1.1824242246556806,-0.008944622569718,0.0333333333333333,0.0,-0.6666666666666666
1743603830.2805347,6.0,-1.0,304.0,,1.5,-1.2804242246556807,0.18657236945198,0.0,0.0,-0.5333333333333333
1743603830.3007076,6.0,-1.0,304.0,,1.5,-1.0844242246556806,0.0714011478556901,0.0,0.0333333333333333,-0.4666666666666667
1743603830.32088,6.0,-1.0,305.0,,1.5,-1.0454242246556806,0.0659503237273977,0.0333333333333333,0.0666666666666666,-0.5333333333333333
1743603830.341044,5.0,-1.0,306.0,,1.5,-1.1789978363545266,0.1194539827575713,0.0666666666666666,0.0,-0.6
1743603830.3612452,5.0,-1.0,307.0,,1.5,-0.9329978363545266,0.1543719002647225,0.1333333333333333,-0.0666666666666666,-0.7
1743603830.3814323,5.0,-1.0,308.0,,1.5,-0.6599978363545267,0.2543960080826384,0.0333333333333333,0.0,-0.7333333333333333
1743603830.4018888,5.0,-1.0,309.0,,1.5,-0.8069978363545266,-0.0614813753481566,0.0666666666666666,0.0,-0.5
1743603830.423093,5.0,-1.0,310.0,,1.5,-0.6989978363545266,0.1821386596939742,0.0333333333333333,0.0,-0.1333333333333333
1743603830.4432588,4.0,-1.0,310.0,,1.5,-1.1553110074298694,0.1843510657770188,0.0333333333333333,0.0,0.2
1743603830.4634614,4.0,-1.0,310.0,,1.5,-1.0663110074298694,0.0389943752876273,0.0666666666666666,0.0,0.3666666666666666
1743603830.4836254,4.0,-1.0,309.0,,1.5,-0.9883110074298692,0.2393826882370646,0.0666666666666666,0.0,0.2
1743603830.5037851,4.0,-1.0,309.0,,1.5,-0.7533110074298692,0.0119699975267177,0.0333333333333333,0.0,-0.0333333333333333
1743603830.5239463,4.0,-1.0,308.0,,1.5,-1.0473110074298693,0.152820909707529,0.0333333333333333,0.0,-0.0666666666666666
1743603830.5441308,4.0,-1.0,308.0,,1.5,-0.8903110074298692,0.136647861929827,0.0666666666666666,0.0,-0.0
1743603830.5655882,4.0,-1.0,308.0,,1.5,-0.9493110074298692,0.1499994243413223,0.0333333333333333,0.0,-0.0
1743603830.5857537,3.0,-1.0,308.0,,1.5,-0.719415730743279,0.1164982174438815,0.0333333333333333,0.0,-0.0666666666666666
1743603830.605909,3.0,-1.0,308.0,,1.5,-0.729415730743279,0.1166256161944119,0.0333333333333333,0.0,-0.0666666666666666
1743603830.6260471,3.0,-1.0,308.0,,1.5,-1.0434157307432792,0.1480760836652894,0.0333333333333333,-0.0333333333333333,-0.0
1743603830.6462238,3.0,-1.0,308.0,,1.5,-1.131415730743279,0.0659269687113504,0.0666666666666666,0.0,-0.0
1743603830.666366,3.0,-1.0,309.0,,1.5,-0.7584157307432791,0.1665229093684495,0.0666666666666666,0.0,-0.1666666666666666
1743603830.6865458,2.0,-1.0,309.0,,1.5,0.0096359373484654,0.2686623060902402,0.0333333333333333,0.0,-0.3666666666666666
1743603830.7067266,2.0,-1.0,309.0,,1.5,-0.1273640626515345,0.0823839632879206,0.0666666666666666,0.0,-0.4666666666666667
1743603830.7293966,2.0,-1.0,310.0,,1.5,0.1866359373484655,0.077956855296545,0.0666666666666666,0.0,-0.2666666666666666
1743603830.7495527,2.0,-1.0,309.0,,1.5,-0.3713640626515345,0.095625132724523,0.0333333333333333,0.1,0.2
1743603830.769734,2.0,-1.0,309.0,,1.5,-0.7243640626515345,0.1424501738661838,0.0333333333333333,0.0666666666666666,0.4333333333333333
1743603830.7903233,2.0,-1.0,309.0,,1.5,-0.8423640626515345,0.1229607618033696,0.0666666666666666,0.0,0.2666666666666666
1743603830.810624,2.0,-1.0,308.0,,1.5,-0.6563640626515346,0.1394020421702571,0.0666666666666666,0.0,-0.1333333333333333
1743603830.8312223,2.0,-2.0,308.0,,1.5,-0.0983640626515345,0.1421182724335743,0.0333333333333333,0.0,-0.5
1743603830.851339,2.0,-2.0,308.0,,1.5,-0.0983640626515345,0.1421182724335743,0.0333333333333333,0.0,-0.5
1743603830.8719623,2.0,-2.0,309.0,,1.5,-0.1763640626515345,0.1795163549001124,0.0,0.0,-0.1666666666666666
1743603830.8922298,2.0,-2.0,309.0,,1.5,-0.6173640626515345,0.0888284369440413,0.0666666666666666,0.0,0.2
1743603830.9123704,2.0,-2.0,309.0,,1.5,-0.6173640626515345,0.0888284369440413,0.0666666666666666,0.0,0.2
1743603830.932635,1.0,-2.0,308.0,,1.5,-0.5242081071497513,0.0913790772072165,0.0666666666666666,-0.0666666666666666,0.0333333333333333
1743603830.9532137,1.0,-2.0,308.0,,1.5,-0.1032081071497512,0.1496368052803944,0.0333333333333333,-0.0666666666666666,-0.2666666666666666
1743603830.973395,1.0,-2.0,308.0,,1.5,-0.1032081071497512,0.1496368052803944,0.0333333333333333,-0.0666666666666666,-0.2666666666666666
1743603830.993794,1.0,-2.0,308.0,,1.5,0.0437918928502487,0.1166041677679619,0.0333333333333333,0.0,-0.1666666666666666
1743603831.0142436,1.0,-2.0,308.0,,1.5,-0.3282081071497512,0.1307298392921279,0.0666666666666666,0.0333333333333333,0.3333333333333333
1743603831.034407,1.0,-2.0,308.0,,1.5,-0.3282081071497512,0.1307298392921279,0.0666666666666666,0.0333333333333333,0.3333333333333333
1743603831.0547602,1.0,-2.0,307.0,,1.5,-0.6122081071497513,0.1023554558843642,0.0333333333333333,-0.1,0.2
1743603831.0752096,1.0,-2.0,307.0,,1.5,-0.5932081071497513,0.1277197486694117,0.0333333333333333,0.0,-0.0333333333333333
1743603831.0955129,1.0,-2.0,307.0,,1.5,-0.5932081071497513,0.1277197486694117,0.0333333333333333,0.0,-0.0333333333333333
1743603831.1158254,0.0,-2.0,306.0,,1.5,-0.284,0.0183093073557731,0.0666666666666666,0.0,-0.0666666666666666
1743603831.136413,0.0,-2.0,306.0,,1.5,-0.108,0.1514564060731889,0.0333333333333333,0.0,-0.0
1743603831.1567888,0.0,-2.0,306.0,,1.5,-0.108,0.1514564060731889,0.0333333333333333,0.0,-0.0
1743603831.1769505,0.0,-2.0,306.0,,1.5,-0.157,0.1153420956899378,0.0333333333333333,0.0,0.2333333333333333
1743603831.197148,0.0,-2.0,305.0,,1.5,0.107,0.1188422562329361,0.0333333333333333,0.0,0.2333333333333333
1743603831.2173953,0.0,-2.0,305.0,,1.5018996960486324,0.107,0.1188422562329361,0.0333333333333333,0.0,0.2333333333333333
1743603831.2376215,0.0,-2.0,305.0,,1.5113981762917936,-0.088,0.1576892078100673,0.0666666666666666,0.0666666666666666,0.0666666666666666
1743603831.2578015,0.0,-2.0,305.0,,1.5208966565349544,-0.186,0.0503175727943912,0.0666666666666666,0.0,-0.0
1743603831.2780516,0.0,-2.0,305.0,,1.530395136778116,-0.186,0.0503175727943912,0.0666666666666666,0.0,-0.0
1743603831.2982948,0.0,-2.0,305.0,,1.5398936170212765,-0.304,0.1187188727019297,0.0333333333333333,0.0,-0.1333333333333333
1743603831.3184452,0.0,-2.0,305.0,,1.549392097264438,-0.167,0.0665183441972718,0.0333333333333333,-0.0333333333333333,-0.1333333333333333
1743603831.3386593,0.0,-2.0,305.0,,1.5588905775075987,-0.167,0.0665183441972718,0.0333333333333333,-0.0333333333333333,-0.1333333333333333
1743603831.3588216,0.0,-1.0,305.0,,1.56838905775076,0.283,0.1611351733119104,0.0666666666666666,0.0,-0.3333333333333333
1743603831.3789954,0.0,-1.0,305.0,,1.577887537993921,0.519,0.1174039689267054,0.0666666666666666,0.0,-0.2333333333333333
1743603831.4000957,0.0,-1.0,306.0,,1.5873860182370823,-0.088,0.0794060631344883,0.0666666666666666,0.0,-0.0333333333333333
1743603831.420275,0.0,-1.0,306.0,,1.596884498480243,-0.167,0.1453803366242301,0.0333333333333333,0.0333333333333333,0.0333333333333333
1743603831.4404595,0.0,-2.0,305.0,,1.6063829787234045,-0.226,0.1367051266091881,0.0333333333333333,0.0666666666666666,-0.0
1743603831.4606383,0.0,-2.0,305.0,,1.615881458966565,-0.265,0.1475933307583119,0.0333333333333333,0.0666666666666666,-0.0
1743603831.4809468,0.0,-2.0,304.0,,1.6253799392097266,-0.01,0.1089658821801933,0.0666666666666666,0.0,-0.0
1743603831.5012894,0.0,-2.0,304.0,,1.6348784194528874,0.156,0.0357833401970886,0.0333333333333333,0.0,-0.0333333333333333
1743603831.5216994,0.0,-2.0,304.0,,1.6443768996960486,0.048,0.1241534821237131,0.0333333333333333,-0.1333333333333333,-0.0
1743603831.5418632,0.0,-2.0,304.0,,1.65387537993921,0.0,0.1052142545508392,0.0666666666666666,-0.1333333333333333,0.0333333333333333
1743603831.5620584,0.0,-2.0,304.0,,1.6633738601823709,-0.284,0.2056590402227698,0.0333333333333333,0.0,-0.0
1743603831.5853665,0.0,-2.0,304.0,,1.6728723404255321,-0.216,0.0919596077758662,0.1,0.0,0.0333333333333333
1743603831.6055434,0.0,-1.0,304.0,,1.6823708206686931,-0.118,0.0881717106626389,0.0333333333333333,0.0,-0.0333333333333333
1743603831.6257026,0.0,-1.0,304.0,,1.6918693009118544,0.146,0.2875582265963849,0.0333333333333333,0.0,-0.2
1743603831.6463668,0.0,-1.0,304.0,,1.7013677811550152,-0.059,-0.1594180200607908,0.0666666666666666,0.0333333333333333,-0.0666666666666666
1743603831.6665232,0.0,-2.0,304.0,,1.7108662613981767,-0.235,0.2252583838924398,0.0666666666666666,0.0,0.0333333333333333
1743603831.6868663,0.0,-2.0,304.0,,1.7203647416413372,-0.284,0.2349587972250955,0.0333333333333333,0.0,0.1333333333333333
1743603831.7071245,0.0,-2.0,303.0,,1.7298632218844987,-0.402,0.0189056580570063,0.0333333333333333,0.0333333333333333,0.1
1743603831.7283792,0.0,-2.0,303.0,,1.7393617021276595,-0.216,0.1792599427061745,0.0333333333333333,0.1,-0.0
1743603831.7485547,0.0,-2.0,303.0,,1.7488601823708207,-0.137,0.0371833866900033,0.0333333333333333,0.0,-0.0666666666666666
1743603831.7687504,0.0,-2.0,303.0,,1.7583586626139818,-0.029,0.1359273412890633,0.0666666666666666,-0.0666666666666666,-0.1
1743603831.7890496,0.0,-2.0,303.0,,1.767857142857143,-0.039,0.0970331463587008,0.0333333333333333,-0.1,-0.2
1743603831.8099294,0.0,-2.0,303.0,,1.7773556231003038,-0.216,0.0680339232354345,0.0333333333333333,-0.1,-0.2
1743603831.830102,0.0,-2.0,303.0,,1.7868541033434653,-0.265,0.2495982604366027,0.0333333333333333,0.0,-0.2333333333333333
1743603831.8503263,0.0,-2.0,303.0,,1.7963525835866259,0.0,0.185290881317325,0.0333333333333333,0.0333333333333333,-0.0333333333333333
1743603831.8706446,0.0,-2.0,303.0,,1.8058510638297873,0.0,0.185290881317325,0.0333333333333333,0.0333333333333333,-0.0333333333333333
1743603831.8909802,0.0,-1.0,303.0,,1.8153495440729488,-0.206,0.0573134743495433,0.0666666666666666,0.0333333333333333,-0.0
1743603831.911137,0.0,-2.0,303.0,,1.8248480243161094,-0.157,0.1167034179870949,0.0333333333333333,0.0666666666666666,-0.1666666666666666
1743603831.9313378,0.0,-2.0,303.0,,1.8343465045592708,-0.157,0.1167034179870949,0.0333333333333333,0.0666666666666666,-0.1666666666666666
1743603831.9525492,0.0,-2.0,303.0,,1.8438449848024316,-0.226,0.1111228634914915,0.0666666666666666,0.0,-0.2333333333333333
1743603831.9726992,0.0,-2.0,304.0,,1.8533434650455929,0.097,0.0475510525252271,0.0666666666666666,0.0,-0.3
1743603831.9928794,0.0,-2.0,304.0,,1.862841945288754,0.097,0.0475510525252271,0.0666666666666666,0.0,-0.3
1743603832.0130608,0.0,-2.0,304.0,,1.8723404255319152,0.205,0.1112956014010162,0.0666666666666666,0.0,-0.1666666666666666
1743603832.0332258,0.0,-2.0,305.0,,1.881838905775076,0.028,0.1443323061038715,0.0333333333333333,-0.0333333333333333,-0.0333333333333333
1743603832.0534337,0.0,-2.0,305.0,,1.8913373860182374,0.028,0.1443323061038715,0.0333333333333333,-0.0333333333333333,-0.0333333333333333
1743603832.074582,1.0,-1.0,305.0,,1.900835866261398,-0.1432081071497512,-0.0797606193432791,0.0333333333333333,-0.1,0.1
1743603832.0947423,1.0,-1.0,305.0,,1.9103343465045595,-0.4952081071497513,0.4921133816932261,0.0,-0.1,-0.0
1743603832.1149156,1.0,-1.0,305.0,,1.9198328267477203,-0.4952081071497513,0.4921133816932261,0.0,-0.1,-0.0
1743603832.1364503,1.0,-1.0,305.0,,1.9293313069908815,-0.0052081071497512,0.1274265060524975,0.0333333333333333,0.0,-0.0333333333333333
1743603832.1566207,1.0,-1.0,305.0,,1.9388297872340425,-0.1332081071497512,0.2439154153594174,0.0666666666666666,0.0,-0.0
1743603832.177141,1.0,-1.0,305.0,,1.9483282674772038,-0.1332081071497512,0.2439154153594174,0.0666666666666666,0.0,-0.0
1743603832.1972976,1.0,-1.0,305.0,,1.9578267477203646,-0.1912081071497512,0.0254437986526934,0.0666666666666666,0.0,0.2666666666666666
1743603832.2175765,2.0,-1.0,305.0,,1.967325227963526,-0.1663640626515345,0.2898819079551273,0.0666666666666666,0.0,0.3333333333333333
1743603832.2377622,2.0,-1.0,305.0,,1.9768237082066873,-0.1663640626515345,0.2898819079551273,0.0666666666666666,0.0,0.3333333333333333
1743603832.2581425,2.0,-1.0,304.0,,1.986322188449848,-0.4203640626515345,0.3046338251999341,0.0333333333333333,0.0,0.1
1743603832.2794228,2.0,-1.0,304.0,,1.9958206686930096,-0.4993640626515345,0.0771542185967035,0.0333333333333333,0.0,-0.0666666666666666
1743603832.299889,2.0,-1.0,304.0,,2.00531914893617,-0.4993640626515345,0.0771542185967035,0.0333333333333333,0.0,-0.0666666666666666
1743603832.320144,2.0,-1.0,305.0,,2.0148176291793316,-0.7443640626515345,0.0712497547639881,0.0333333333333333,0.0,-0.1333333333333333
1743603832.3406816,3.0,-1.0,306.0,,2.024316109422492,-0.445415730743279,0.2031044137467486,0.0333333333333333,0.0,-0.0666666666666666
1743603832.360836,3.0,-1.0,306.0,,2.0338145896656536,-0.2984157307432791,0.1785774792305421,0.0666666666666666,0.0,0.0333333333333333
1743603832.381033,3.0,-1.0,306.0,,2.0433130699088147,-0.719415730743279,-0.0492143302140295,0.0333333333333333,0.0,0.1
1743603832.4011962,3.0,-1.0,306.0,,2.0528115501519757,-0.719415730743279,-0.0492143302140295,0.0333333333333333,0.0,0.1
1743603832.421444,3.0,-1.0,306.0,,2.0623100303951367,-0.6504157307432791,0.1043701944467816,0.0333333333333333,0.0,-0.0
1743603832.4416454,3.0,0.0,306.0,,2.071808510638298,-1.062415730743279,0.0519154847221514,0.0333333333333333,0.0,-0.1
1743603832.461819,3.0,-1.0,306.0,,2.0813069908814588,-0.6704157307432791,0.1707048151289463,0.0666666666666666,0.0,-0.2333333333333333
1743603832.4820938,3.0,0.0,307.0,,2.0908054711246202,-0.6504157307432791,0.1425421978101333,0.0333333333333333,0.0,-0.2666666666666666
1743603832.5023568,3.0,0.0,307.0,,2.1003039513677813,-0.5234157307432791,0.0473961570313594,0.0333333333333333,0.0,-0.2666666666666666
1743603832.522659,3.0,0.0,307.0,,2.1098024316109423,-0.591415730743279,0.0162330271969555,0.0333333333333333,0.0,-0.1666666666666666
1743603832.5429356,3.0,0.0,308.0,,2.1193009118541033,-0.6804157307432791,0.0948446538418554,0.0333333333333333,0.0,-0.2
1743603832.563536,3.0,0.0,308.0,,2.1287993920972648,-0.601415730743279,0.2325459447225704,0.0333333333333333,0.0,-0.1666666666666666
1743603832.583846,3.0,-1.0,308.0,,2.138297872340426,-0.6604157307432791,0.0584388601923731,0.0666666666666666,0.0,-0.2
1743603832.6039906,3.0,0.0,309.0,,2.147796352583587,-0.485415730743279,0.1270210499808239,0.0333333333333333,0.0,-0.0666666666666666
1743603832.6241603,3.0,0.0,309.0,,2.1572948328267483,-0.6604157307432791,0.0863207780114549,0.0666666666666666,0.0,-0.0
1743603832.6444366,3.0,0.0,309.0,,2.166793313069909,-0.5134157307432791,0.1519506797839085,0.0333333333333333,0.0,-0.0333333333333333
1743603832.6646683,3.0,0.0,309.0,,2.1762917933130703,-0.485415730743279,0.1436280330150339,0.0,0.0,-0.0333333333333333
1743603832.684823,2.0,0.0,309.0,,2.185790273556231,-0.0783640626515345,0.0885077284737363,0.0666666666666666,0.0,-0.0
1743603832.7073789,2.0,0.0,309.0,,2.1952887537993924,-0.4303640626515345,0.1445556395995151,0.0333333333333333,0.0,0.1
1743603832.7275927,2.0,0.0,309.0,,2.204787234042553,-0.1763640626515345,0.0667662974061755,0.0333333333333333,-0.0333333333333333,0.2
1743603832.7477856,2.0,0.0,308.0,,2.2142857142857144,-0.5683640626515345,0.1726633163974025,0.0333333333333333,-0.0333333333333333,0.1666666666666666
1743603832.7680373,2.0,0.0,308.0,,2.2237841945288754,-0.4893640626515345,0.115996785467038,0.0333333333333333,0.0,0.1333333333333333
1743603832.7882793,2.0,0.0,308.0,,2.2332826747720365,-0.6753640626515345,0.1097595618429032,0.0333333333333333,0.0,-0.0333333333333333
1743603832.80865,2.0,0.0,308.0,,2.2427811550151975,-0.7443640626515345,0.1457463783322801,0.0333333333333333,0.0,-0.2333333333333333
1743603832.8289585,2.0,0.0,308.0,,2.252279635258359,-0.2743640626515345,0.0841587183520058,0.0666666666666666,0.0,-0.1666666666666666
1743603832.8503582,2.0,0.0,309.0,,2.2617781155015195,-0.1473640626515345,0.0777172883820931,0.0333333333333333,0.0,-0.0333333333333333
1743603832.8705168,2.0,0.0,309.0,,2.271276595744681,-0.3523640626515345,0.2040743702198728,0.0333333333333333,0.0,0.2333333333333333
1743603832.8907032,2.0,0.0,309.0,,2.280775075987842,-0.3523640626515345,0.2040743702198728,0.0333333333333333,0.0,0.2333333333333333
1743603832.91087,2.0,0.0,309.0,,2.290273556231003,-0.7243640626515345,0.1649273601041283,0.0333333333333333,0.0,0.1666666666666666
1743603832.931167,2.0,0.0,309.0,,2.2997720364741645,-0.4993640626515345,0.1219110190790182,0.0666666666666666,0.0333333333333333,-0.1333333333333333
1743603832.9515855,2.0,0.0,309.0,,2.3092705167173255,-0.4993640626515345,0.1219110190790182,0.0666666666666666,0.0333333333333333,-0.1333333333333333
1743603832.9721465,2.0,0.0,309.0,,2.3187689969604866,-0.2353640626515345,0.1147553521467994,0.0666666666666666,0.0333333333333333,-0.1666666666666666
1743603832.992369,2.0,0.0,310.0,,2.3282674772036476,-0.3043640626515345,0.1512495475195354,0.0666666666666666,-0.1333333333333333,0.0333333333333333
1743603833.0143666,2.0,0.0,310.0,,2.337765957446809,-0.3043640626515345,0.1512495475195354,0.0666666666666666,-0.1333333333333333,0.0333333333333333
1743603833.0345151,2.0,0.0,310.0,,2.3472644376899696,-0.5093640626515346,0.091298973700626,0.0,-0.0333333333333333,-0.0
1743603833.0546825,2.0,0.0,310.0,,2.356762917933131,-0.5583640626515345,0.2717997231076747,0.0666666666666666,0.0,-0.1666666666666666
1743603833.0750165,2.0,0.0,310.0,,2.3662613981762917,-0.5583640626515345,0.2717997231076747,0.0666666666666666,0.0,-0.1666666666666666
1743603833.0951612,2.0,0.0,310.0,,2.375759878419453,-0.4993640626515345,0.2262678220222511,0.0333333333333333,0.0,0.0666666666666666
1743603833.1153257,2.0,0.0,310.0,,2.3852583586626137,-0.3333640626515345,0.14790815066271,0.0333333333333333,0.0,0.2666666666666666
1743603833.135599,2.0,0.0,310.0,,2.394756838905775,-0.3333640626515345,0.14790815066271,0.0333333333333333,0.0,0.2666666666666666
1743603833.155846,2.0,0.0,309.0,,2.404255319148936,-0.5973640626515345,0.1452224203172125,0.0333333333333333,0.0,0.7333333333333333
1743603833.1760118,2.0,0.0,308.0,,2.413753799392097,-0.3333640626515345,0.1198581905058144,0.0666666666666666,0.0,0.9333333333333332
1743603833.196182,2.0,0.0,308.0,,2.4232522796352582,-0.3333640626515345,0.1198581905058144,0.0666666666666666,0.0,0.9333333333333332
1743603833.2170942,2.0,0.0,306.0,,2.4327507598784197,-0.4113640626515345,0.114356677842661,0.0333333333333333,0.0,0.2333333333333333
1743603833.2372406,2.0,0.0,306.0,,2.4422492401215803,-0.4303640626515345,0.1245520646128834,0.0333333333333333,0.0,-0.0
1743603833.257468,2.0,0.0,306.0,,2.4517477203647418,-0.4303640626515345,0.1245520646128834,0.0333333333333333,0.0,-0.0
1743603833.2776394,2.0,0.0,306.0,,2.4612462006079032,-0.4303640626515345,0.1145531776641544,0.0333333333333333,0.0,-0.0
1743603833.2977972,2.0,0.0,307.0,,2.470744680851064,-0.4303640626515345,0.1146159196713725,0.0333333333333333,0.0,-0.0
1743603833.3180852,2.0,0.0,307.0,,2.4802431610942253,-0.4303640626515345,0.1146159196713725,0.0333333333333333,0.0,-0.0
1743603833.3383672,2.0,0.0,307.0,,2.4897416413373863,-0.4403640626515345,0.1147085366245832,0.0333333333333333,0.0,-0.0
1743603833.3587754,2.0,0.0,307.0,,2.4992401215805473,-0.4303640626515345,0.1146159196713725,0.0333333333333333,0.0,-0.0
1743603833.3805673,1.0,0.0,307.0,,2.5087386018237083,-0.2592081071497513,0.1145531776641544,0.0333333333333333,0.0,-0.0
1743603833.4007492,1.0,0.0,307.0,,2.51823708206687,-0.2592081071497513,0.1145531776641544,0.0333333333333333,0.0,-0.0
1743603833.4233804,1.0,0.0,307.0,,2.5277355623100304,-0.2592081071497513,0.1145531776641544,0.0333333333333333,0.0,-0.0
1743603833.4438088,1.0,0.0,307.0,,2.537234042553192,-0.2592081071497513,0.1146159196713725,0.0333333333333333,0.0,-0.0
1743603833.4639602,1.0,0.0,307.0,,2.5467325227963524,-0.2592081071497513,0.1146159196713725,0.0333333333333333,0.0,-0.0
1743603833.484384,1.0,0.0,307.0,,2.556231003039514,-0.2692081071497513,0.1147085366245832,0.0333333333333333,0.0,-0.0
1743603833.5048034,1.0,0.0,308.0,,2.5657294832826745,-0.2692081071497513,0.1147085366245832,0.0333333333333333,0.0,-0.0
1743603833.5250683,1.0,0.0,308.0,,2.575227963525836,-0.2592081071497513,0.1046171627057734,0.0333333333333333,0.0,-0.0
1743603833.5453124,1.0,0.0,308.0,,2.584726443768997,-0.2592081071497513,0.1146159196713725,0.0333333333333333,0.0,-0.0
1743603833.5656164,0.0,0.0,308.0,,2.594224924012158,-0.088,0.1046171627057734,0.0333333333333333,0.0,-0.0
1743603833.5859082,0.0,0.0,308.0,,2.603723404255319,-0.088,0.1146159196713725,0.0333333333333333,0.0,-0.0
1743603833.606464,0.0,0.0,308.0,,2.6132218844984805,-0.098,0.1146457963945284,0.0333333333333333,0.0,-0.0
1743603833.6267917,0.0,0.0,308.0,,2.6227203647416415,-0.088,0.1146159196713725,0.0333333333333333,0.0,-0.0
1743603833.646968,0.0,0.0,308.0,,2.6322188449848025,-0.088,0.1146159196713725,0.0333333333333333,0.0,-0.0
1743603833.6671388,0.0,0.0,308.0,,2.641717325227964,-0.088,0.1146159196713725,0.0333333333333333,0.0,-0.0
1743603833.687409,0.0,0.0,308.0,,2.6512158054711246,-0.088,0.1146159196713725,0.0333333333333333,0.0,-0.0
1743603833.7076943,0.0,0.0,308.0,,2.660714285714286,-0.098,0.1147085366245832,0.0333333333333333,0.0,-0.0
1743603833.7281432,0.0,0.0,308.0,,2.670212765957447,-0.088,0.1146159196713725,0.0333333333333333,0.0,-0.0
1743603833.748554,0.0,0.0,308.0,,2.679711246200608,-0.088,0.1046171627057734,0.0333333333333333,0.0,-0.0
1743603833.768808,0.0,0.0,308.0,,2.689209726443769,-0.098,0.1147085366245832,0.0333333333333333,0.0,-0.0
1743603833.7889802,0.0,0.0,308.0,,2.6987082066869306,-0.088,0.1246795311777475,0.0333333333333333,0.0,-0.0
1743603833.8091457,0.0,0.0,308.0,,2.708206686930091,-0.098,0.1147085366245832,0.0333333333333333,0.0,-0.0
1743603833.8295803,0.0,0.0,308.0,,2.7177051671732526,-0.098,0.1147085366245832,0.0333333333333333,0.0,-0.0
1743603833.8498647,0.0,0.0,308.0,,2.727203647416413,-0.098,0.1147085366245832,0.0333333333333333,0.0,-0.0
1743603833.8702788,0.0,0.0,308.0,,2.7367021276595747,-0.088,0.1146159196713725,0.0333333333333333,0.0,-0.0
1743603833.8904183,0.0,0.0,308.0,,2.7462006079027352,-0.088,0.1146159196713725,0.0333333333333333,0.0,-0.0
1743603833.9106011,0.0,0.0,308.0,,2.7556990881458963,-0.088,0.1146159196713725,0.0333333333333333,0.0,-0.0
1743603833.9309285,0.0,0.0,308.0,,2.765197568389058,-0.088,0.1146159196713725,0.0333333333333333,0.0,-0.0
1743603833.9513965,0.0,0.0,308.0,,2.7746960486322187,-0.098,0.1047099665560189,0.0333333333333333,0.0,-0.0
1743603833.9717636,0.0,0.0,308.0,,2.7841945288753798,-0.098,0.1047099665560189,0.0333333333333333,0.0,-0.0
1743603833.991902,0.0,0.0,308.0,,2.7936930091185417,-0.098,0.1147085366245832,0.0333333333333333,0.0,-0.0
1743603834.0120432,0.0,0.0,308.0,,2.8031914893617023,-0.088,0.1145531776641544,0.0333333333333333,0.0,-0.0
1743603834.0321949,0.0,0.0,308.0,,2.8126899696048633,-0.088,0.1145531776641544,0.0333333333333333,0.0,-0.0
1743603834.05324,0.0,0.0,308.0,,2.8221884498480243,-0.088,0.1146159196713725,0.0333333333333333,0.0,-0.0
1743603834.073398,0.0,0.0,308.0,,2.8316869300911858,-0.098,0.1147085366245832,0.0333333333333333,0.0,-0.0
1743603834.093603,0.0,0.0,308.0,,2.841185410334347,-0.098,0.1147085366245832,0.0333333333333333,0.0,-0.0
1743603834.114155,0.0,0.0,308.0,,2.850683890577508,-0.098,0.1147085366245832,0.0333333333333333,0.0,-0.0
1743603834.1346846,0.0,0.0,308.0,,2.8601823708206684,-0.088,0.1246146803884915,0.0333333333333333,0.0,-0.0
1743603834.1549444,0.0,0.0,308.0,,2.8696808510638303,-0.088,0.1246146803884915,0.0333333333333333,0.0,-0.0
1743603834.1755118,0.0,0.0,308.0,,2.8791793313069913,-0.088,0.1146159196713725,0.0333333333333333,0.0,-0.0
1743603834.1956773,0.0,0.0,308.0,,2.888677811550152,-0.088,0.1146809011954097,0.0333333333333333,0.0,-0.0
1743603834.2160864,0.0,0.0,308.0,,2.8981762917933125,-0.088,0.1146809011954097,0.0333333333333333,0.0,-0.0
1743603834.2363436,0.0,0.0,308.0,,2.907674772036475,-0.088,0.1145531776641544,0.0333333333333333,0.0,-0.0
1743603834.2565274,0.0,0.0,308.0,,2.9171732522796354,-0.098,0.1146457963945284,0.0333333333333333,0.0,-0.0
1743603834.2770207,0.0,0.0,308.0,,2.926671732522796,-0.098,0.1146457963945284,0.0333333333333333,0.0,-0.0
1743603834.2972038,0.0,0.0,308.0,,2.936170212765957,-0.098,0.1047099665560189,0.0333333333333333,0.0,-0.0
1743603834.3176246,0.0,0.0,308.0,,2.945668693009119,-0.098,0.1247719599647307,0.0333333333333333,0.0,-0.0
1743603834.3379512,0.0,0.0,308.0,,2.9551671732522795,-0.098,0.1247719599647307,0.0333333333333333,0.0,-0.0
1743603834.3583858,0.0,0.0,308.0,,2.9646656534954405,-0.098,0.1147085366245832,0.0333333333333333,0.0,-0.0
1743603834.3787754,0.0,0.0,308.0,,2.9741641337386024,-0.098,0.1147085366245832,0.0333333333333333,0.0,-0.0
1743603834.3999462,0.0,0.0,308.0,,2.983662613981763,-0.088,0.1146159196713725,0.0333333333333333,0.0,-0.0
1743603834.4202857,0.0,0.0,308.0,,2.993161094224924,-0.088,0.1146159196713725,0.0333333333333333,0.0,-0.0
1743603834.4404292,0.0,0.0,308.0,,3.002659574468085,-0.098,0.1147085366245832,0.0333333333333333,0.0,-0.0
1743603834.4605937,0.0,0.0,308.0,,3.0121580547112465,-0.098,0.1247071110086484,0.0333333333333333,0.0,-0.0
1743603834.4810357,0.0,0.0,308.0,,3.0216565349544076,-0.098,0.1147085366245832,0.0333333333333333,0.0,-0.0
1743603834.5043645,0.0,0.0,308.0,,3.0311550151975686,-0.098,0.1147085366245832,0.0333333333333333,0.0,-0.0
1743603834.524548,0.0,0.0,308.0,,3.040653495440729,-0.098,0.1147085366245832,0.0333333333333333,0.0,-0.0
1743603834.544722,0.0,0.0,308.0,,3.050151975683891,-0.088,0.1146159196713725,0.0333333333333333,0.0,-0.0
1743603834.5673342,0.0,0.0,308.0,,3.059650455927052,-0.088,0.1146159196713725,0.0333333333333333,0.0,-0.0
1743603834.5875192,0.0,0.0,308.0,,3.0691489361702127,-0.088,0.1146159196713725,0.0333333333333333,0.0,-0.0
1743603834.6077108,0.0,0.0,308.0,,3.0786474164133733,-0.088,0.1046171627057734,0.0333333333333333,0.0,-0.0
1743603834.6280727,0.0,0.0,308.0,,3.0881458966565356,-0.088,0.1146159196713725,0.0333333333333333,0.0,-0.0
1743603834.6482997,0.0,0.0,308.0,,3.097644376899696,-0.088,0.1146159196713725,0.0333333333333333,0.0,-0.0
1743603834.6684842,0.0,0.0,308.0,,3.1071428571428568,-0.088,0.1146159196713725,0.0333333333333333,0.0,-0.0
1743603834.68866,0.0,0.0,308.0,,3.116641337386019,-0.098,0.1147085366245832,0.0333333333333333,0.0,-0.0
1743603834.708958,0.0,0.0,308.0,,3.1261398176291797,-0.098,0.1147085366245832,0.0333333333333333,0.0,-0.0
1743603834.7300258,0.0,0.0,308.0,,3.1356382978723403,-0.088,0.1146159196713725,0.0333333333333333,0.0,-0.0
1743603834.7503414,0.0,0.0,308.0,,3.1451367781155013,-0.088,0.1146159196713725,0.0333333333333333,0.0,-0.0
1743603834.7706945,0.0,0.0,308.0,,3.154635258358663,-0.098,0.1247071110086484,0.0333333333333333,0.0,-0.0
1743603834.7908592,0.0,0.0,308.0,,3.164133738601824,-0.098,0.1147735163080483,0.0333333333333333,0.0,-0.0
1743603834.8110113,0.0,0.0,308.0,,3.173632218844985,-0.098,0.1146457963945284,0.0333333333333333,0.0,-0.0
1743603834.8312595,0.0,0.0,308.0,,3.183130699088146,-0.088,0.1046171627057734,0.0333333333333333,0.0,-0.0
1743603834.8515916,0.0,0.0,308.0,,3.1926291793313073,-0.098,0.1347056896908665,0.0333333333333333,0.0,-0.0
1743603834.8718112,0.0,0.0,308.0,,3.2021276595744683,-0.098,0.1347056896908665,0.0333333333333333,0.0,-0.0
1743603834.891952,0.0,0.0,308.0,,3.2116261398176293,-0.098,0.1147085366245832,0.0333333333333333,0.0,-0.0
1743603834.912119,0.0,0.0,308.0,,3.22112462006079,-0.088,0.1046171627057734,0.0333333333333333,0.0,-0.0
1743603834.9325728,0.0,0.0,308.0,,3.230623100303952,-0.088,0.1046171627057734,0.0333333333333333,0.0,-0.0
1743603834.954504,0.0,0.0,308.0,,3.240121580547113,-0.088,0.1146159196713725,0.0333333333333333,0.0,-0.0
1743603834.978282,0.0,0.0,308.0,,3.2496200607902734,-0.098,0.1047099665560189,0.0333333333333333,0.0,-0.0
1743603834.9984548,0.0,0.0,308.0,,3.259118541033434,-0.098,0.1047099665560189,0.0333333333333333,0.0,-0.0
1743603835.0187175,0.0,0.0,308.0,,3.2686170212765964,-0.088,0.1246146803884915,0.0333333333333333,0.0,-0.0
1743603835.039082,0.0,0.0,308.0,,3.278115501519757,-0.088,0.1246146803884915,0.0333333333333333,0.0,-0.0
1743603835.060332,0.0,0.0,308.0,,3.2876139817629175,-0.088,0.1045542940848633,0.0333333333333333,0.0,-0.0
1743603835.0806868,0.0,0.0,308.0,,3.29711246200608,-0.088,0.1045542940848633,0.0333333333333333,0.0,-0.0
1743603835.1023808,0.0,0.0,308.0,,3.3066109422492405,-0.098,0.1147085366245832,0.0333333333333333,0.0,-0.0
1743603835.1225438,0.0,0.0,308.0,,3.316109422492401,-0.098,0.1047099665560189,0.0333333333333333,0.0,-0.0
1743603835.142751,0.0,0.0,308.0,,3.325607902735562,-0.098,0.1046470997194521,0.0333333333333333,0.0,-0.0
1743603835.162918,0.0,0.0,308.0,,3.335106382978724,-0.088,0.1146159196713725,0.0333333333333333,0.0,-0.0
1743603835.1832848,0.0,0.0,308.0,,3.3446048632218845,-0.088,0.1146159196713725,0.0333333333333333,0.0,-0.0
1743603835.2036946,0.0,0.0,308.0,,3.3541033434650456,-0.088,0.1146809011954097,0.0333333333333333,0.0,-0.0
1743603835.2240367,0.0,0.0,308.0,,3.3636018237082066,-0.088,0.1146159196713725,0.0333333333333333,0.0,-0.0
1743603835.2442343,0.0,0.0,308.0,,3.373100303951368,-0.098,0.1047099665560189,0.0333333333333333,0.0,-0.0
1743603835.2663536,0.0,0.0,308.0,,3.382598784194529,-0.098,0.1047099665560189,0.0333333333333333,0.0,-0.0
1743603835.2865148,0.0,0.0,308.0,,3.39209726443769,-0.098,0.1247071110086484,0.0333333333333333,0.0,-0.0
1743603835.306699,0.0,0.0,308.0,,3.4015957446808507,-0.098,0.1147085366245832,0.0333333333333333,0.0,-0.0
1743603835.326879,0.0,0.0,308.0,,3.4110942249240126,-0.088,0.1146159196713725,0.0333333333333333,0.0,-0.0
1743603835.3470109,0.0,0.0,308.0,,3.4205927051671736,-0.098,0.1147085366245832,0.0333333333333333,0.0,-0.0
1743603835.3671715,0.0,0.0,308.0,,3.430091185410334,-0.098,0.1047099665560189,0.0333333333333333,0.0,-0.0
1743603835.3874202,0.0,0.0,308.0,,3.439589665653496,-0.088,0.1146159196713725,0.0333333333333333,0.0,-0.0
1743603835.407693,0.0,0.0,308.0,,3.449088145896657,-0.088,0.1146809011954097,0.0333333333333333,0.0,-0.0
1743603835.427975,0.0,0.0,308.0,,3.4585866261398177,-0.098,0.0859523461224309,0.0333333333333333,0.0,-0.0
1743603835.4482195,0.0,0.0,308.0,,3.4680851063829783,-0.137,0.0966223481729198,0.0333333333333333,0.0,-0.0
1743603835.4683602,0.0,0.0,308.0,,3.4775835866261406,-0.069,0.1244664380835072,0.0333333333333333,0.0,-0.0
1743603835.4886217,0.0,0.0,308.0,,3.4870820668693012,-0.01,0.2223737471442408,0.0333333333333333,0.0,-0.0
1743603835.5088985,0.0,0.0,308.0,,3.496580547112462,-0.157,0.0472443836216918,0.0333333333333333,0.0,-0.0
1743603835.5291996,0.0,0.0,308.0,,3.506079027355623,-0.167,0.0863968429834933,0.0333333333333333,0.0,-0.0
1743603835.5493624,0.0,0.0,308.0,,3.5155775075987847,-0.069,0.0854701218882745,0.0333333333333333,0.0,-0.0
1743603835.5695078,0.0,0.0,308.0,,3.5250759878419453,-0.088,0.1348507468908764,0.0333333333333333,0.0,-0.0
1743603835.5897255,0.0,0.0,308.0,,3.5345744680851063,-0.088,0.1348507468908764,0.0333333333333333,0.0,-0.0
1743603835.6099868,0.0,0.0,308.0,,3.5440729483282674,-0.098,0.0958584583164761,0.0333333333333333,0.0,-0.0
1743603835.630298,0.0,0.0,308.0,,3.553571428571429,-0.088,0.1246146803884915,0.0333333333333333,0.0,-0.0
1743603835.6517508,0.0,0.0,308.0,,3.56306990881459,-0.108,0.1048127462409205,0.0333333333333333,0.0,-0.0
1743603835.67248,0.0,0.0,308.0,,3.572568389057751,-0.098,0.0956482760881183,0.0333333333333333,0.0,-0.0
1743603835.6926138,0.0,0.0,308.0,,3.5820668693009114,-0.078,0.1245321863381274,0.0333333333333333,0.0,-0.0
1743603835.7128987,0.0,0.0,308.0,,3.5915653495440734,-0.078,0.1245321863381274,0.0333333333333333,0.0,-0.0
1743603835.7330568,0.0,0.0,308.0,,3.6010638297872344,-0.088,0.1046171627057734,0.0333333333333333,0.0,-0.0
1743603835.753219,0.0,0.0,308.0,,3.610562310030395,-0.098,0.1147085366245832,0.0333333333333333,0.0,-0.0
1743603835.7736883,0.0,0.0,308.0,,3.620060790273557,-0.098,0.1147085366245832,0.0333333333333333,0.0,-0.0
1743603835.793926,0.0,0.0,308.0,,3.629559270516718,-0.098,0.1147085366245832,0.0333333333333333,0.0,-0.0
1743603835.8144195,0.0,0.0,308.0,,3.6390577507598785,-0.088,0.1046822753602896,0.0333333333333333,0.0,-0.0
1743603835.8346398,0.0,0.0,308.0,,3.648556231003039,-0.088,0.1046822753602896,0.0333333333333333,0.0,-0.0
1743603835.854766,0.0,0.0,308.0,,3.6580547112462014,-0.098,0.1047099665560189,0.0333333333333333,0.0,-0.0
1743603835.8749294,0.0,0.0,308.0,,3.667553191489362,-0.098,0.1047099665560189,0.0333333333333333,0.0,-0.0
1743603835.8950818,0.0,0.0,308.0,,3.6770516717325226,-0.088,0.1245520646128834,0.0333333333333333,0.0,-0.0
1743603835.9155283,0.0,0.0,308.0,,3.6865501519756836,-0.098,0.1047099665560189,0.0333333333333333,0.0,-0.0
1743603835.9356852,0.0,0.0,308.0,,3.6960486322188455,-0.088,0.1146159196713725,0.0333333333333333,0.0,-0.0
1743603835.9585822,0.0,0.0,308.0,,3.705547112462006,-0.088,0.1146159196713725,0.0333333333333333,0.0,-0.0
1743603835.9787495,0.0,0.0,308.0,,3.715045592705167,-0.098,0.1047750773625271,0.0333333333333333,0.0,-0.0
1743603835.9989753,0.0,0.0,308.0,,3.724544072948328,-0.088,0.1146159196713725,0.0333333333333333,0.0,-0.0
1743603836.019112,0.0,0.0,308.0,,3.7340425531914896,-0.078,0.1245970387635146,0.0333333333333333,0.0,-0.0
1743603836.039273,0.0,0.0,308.0,,3.7435410334346506,-0.098,0.0957112571984684,0.0333333333333333,0.0,-0.0
1743603836.0596693,0.0,0.0,308.0,,3.7530395136778116,-0.088,0.1145531776641544,0.0333333333333333,0.0,-0.0
1743603836.0798388,0.0,0.0,308.0,,3.762537993920973,-0.088,0.1145531776641544,0.0333333333333333,0.0,-0.0
1743603836.099995,0.0,0.0,308.0,,3.772036474164134,-0.098,0.1047099665560189,0.0333333333333333,0.0,-0.0
1743603836.1202428,0.0,0.0,308.0,,3.781534954407295,-0.098,0.1147085366245832,0.0333333333333333,0.0,-0.0
1743603836.1403272,0.0,0.0,308.0,,3.7910334346504557,-0.078,0.1245970387635146,0.0333333333333333,0.0,-0.0
1743603836.1604872,0.0,0.0,308.0,,3.8005319148936176,-0.088,0.1146159196713725,0.0333333333333333,0.0,-0.0
1743603836.1807137,0.0,0.0,308.0,,3.8100303951367787,-0.098,0.1145930139987445,0.0333333333333333,0.0,-0.0
1743603836.2008696,0.0,0.0,308.0,,3.8195288753799392,-0.088,0.1246146803884915,0.0333333333333333,0.0,-0.0
1743603836.2210245,0.0,0.0,308.0,,3.8290273556231,-0.098,0.1147735163080483,0.0333333333333333,0.0,-0.0
1743603836.2412765,0.0,0.0,308.0,,3.838525835866262,-0.088,0.1146809011954097,0.0333333333333333,0.0,-0.0
1743603836.2614503,0.0,0.0,308.0,,3.8480243161094227,-0.088,0.1146809011954097,0.0333333333333333,0.0,-0.0
1743603836.2817457,0.0,0.0,308.0,,3.8575227963525833,-0.098,0.1046470997194521,0.0333333333333333,0.0,-0.0
1743603836.302116,0.0,0.0,308.0,,3.8670212765957444,-0.088,0.1245520646128834,0.0333333333333333,0.0,-0.0
1743603836.3224576,0.0,0.0,308.0,,3.8765197568389063,-0.088,0.1146159196713725,0.0333333333333333,0.0,-0.0
1743603836.3426294,0.0,0.0,308.0,,3.886018237082067,-0.098,0.1047099665560189,0.0333333333333333,0.0,-0.0
1743603836.3629184,0.0,0.0,308.0,,3.895516717325228,-0.088,0.1046171627057734,0.0333333333333333,0.0,-0.0
1743603836.3831108,0.0,0.0,308.0,,3.905015197568389,-0.088,0.1246146803884915,0.0333333333333333,0.0,-0.0
1743603836.403329,0.0,0.0,308.0,,3.9145136778115504,-0.098,0.1147085366245832,0.0333333333333333,0.0,-0.0
1743603836.423535,0.0,0.0,308.0,,3.9240121580547114,-0.088,0.1146159196713725,0.0333333333333333,0.0,-0.0
1743603836.4437506,0.0,0.0,308.0,,3.9335106382978724,-0.088,0.1145531776641544,0.0333333333333333,0.0,-0.0
1743603836.4638968,0.0,0.0,308.0,,3.943009118541034,-0.088,0.1146159196713725,0.0333333333333333,0.0,-0.0
1743603836.4842465,0.0,0.0,308.0,,3.952507598784195,-0.088,0.1146159196713725,0.0333333333333333,0.0,-0.0
1743603836.505754,0.0,0.0,308.0,,3.962006079027356,-0.088,0.1146809011954097,0.0333333333333333,0.0,-0.0
1743603836.525901,0.0,0.0,308.0,,3.9715045592705165,-0.098,0.1147085366245832,0.0333333333333333,0.0,-0.0
1743603836.5460572,0.0,0.0,308.0,,3.9810030395136784,-0.088,0.1045542940848633,0.0333333333333333,0.0,-0.0
1743603836.566236,0.0,0.0,308.0,,3.9905015197568394,-0.078,0.1044714653262701,0.0333333333333333,0.0,-0.0
1743603836.5864491,0.0,0.0,308.0,,4.0,-0.078,0.1245321863381274,0.0333333333333333,0.0,-0.0
