timestamp,roll,pitch,yaw,touch_gesture,acc_x,acc_y,acc_z,gyro_x,gyro_y,gyro_z
1743599932.1034517,,,,,,,,,,
1743599932.12367,,,,,,,,,,
1743599932.1438293,,,,,,,,,,
1743599932.1641066,,,,,,,,,,
1743599932.1842942,,,,,,,,,,
1743599932.2044702,,,,,,,,,,
1743599932.2246442,,,,,,,,,,
1743599932.2450418,,,,,,,,,,
1743599932.2653854,,,,,,,,,,
1743599932.2855854,,,,,,,,,,
1743599932.305804,,,,,,,,,,
1743599932.3259435,,,,,,,,,,
1743599932.3461335,,,,,,,,,,
1743599932.366849,,,,,,,,,,
1743599932.3869834,,,,,,,,,,
1743599932.407137,,,,,,,,,,
1743599932.4275784,,,,,,,,,,
1743599932.4483886,,,,,,,,,,
1743599932.4685342,,,,,,,,,,
1743599932.4888456,,,,,,,,,,
1743599932.5089645,,,,,,,,,,
1743599932.5291224,,,,,,,,,,
1743599932.5492754,,,,,,,,,,
1743599932.569526,,,,,,,,,,
1743599932.5896924,,,,,,,,,,
1743599932.6098566,,,,,,,,,,
1743599932.6300118,,,,,,,,,,
1743599932.650184,,,,,,,,,,
1743599932.6704416,,,,,,,,,,
1743599932.6905918,,,,,,,,,,
1743599932.7108037,0.0,0.0,0.0,,0.028,-0.108,0.13461741241598624,0.03333333333333333,0.0,-0.0
1743599932.7309813,0.0,0.0,0.0,,0.038,-0.098,0.13454797917702344,0.03333333333333333,0.0,-0.0
1743599932.7522206,0.0,0.0,0.0,,0.038,-0.098,0.13454797917702344,0.03333333333333333,0.0,-0.0
1743599932.7724109,0.0,0.0,0.0,,0.038,-0.098,0.13454797917702344,0.03333333333333333,0.0,-0.0
1743599932.7935178,0.0,0.0,0.0,,0.058,-0.108,0.1247468653105237,0.03333333333333333,0.0,-0.0
1743599932.8137562,0.0,0.0,0.0,,0.058,-0.108,0.1247468653105237,0.03333333333333333,0.0,-0.0
1743599932.8340359,0.0,0.0,0.0,,0.058,-0.108,0.1247468653105237,0.03333333333333333,0.0,-0.0
1743599932.8542361,0.0,0.0,0.0,,0.009,-0.098,0.13448037954289305,0.03333333333333333,0.0,-0.06666666666666667
1743599932.874417,0.0,0.0,0.0,,0.009,-0.098,0.13448037954289305,0.03333333333333333,0.0,-0.06666666666666667
1743599932.8945966,0.0,0.0,310.0,,0.028,-0.098,0.12451628363131206,0.03333333333333333,0.0,-0.0
1743599932.9147809,0.0,0.0,310.0,,0.048,-0.108,0.13469279540609236,0.03333333333333333,0.0,-0.0
1743599932.9358804,0.0,0.0,310.0,,0.048,-0.108,0.13469279540609236,0.03333333333333333,0.0,-0.0
1743599932.9561412,0.0,0.0,310.0,,0.225,-0.127,0.13730959045450852,0.03333333333333333,0.0,-0.03333333333333333
1743599932.9763155,0.0,0.0,310.0,,0.0,-0.108,0.12457969521406298,0.03333333333333333,0.0,-0.13333333333333333
1743599932.9965174,0.0,0.0,310.0,,0.0,-0.108,0.12457969521406298,0.03333333333333333,0.0,-0.13333333333333333
1743599933.0167074,0.0,0.0,310.0,,0.215,-0.088,0.1366759834438529,0.03333333333333333,0.0,-0.03333333333333333
1743599933.039717,0.0,0.0,310.0,,0.215,-0.088,0.1366759834438529,0.03333333333333333,0.0,-0.03333333333333333
1743599933.0599642,0.0,0.0,309.0,,0.205,-0.235,0.13882043458202986,0.03333333333333333,0.0,-0.1
1743599933.08534,0.0,0.0,309.0,,0.323,-0.078,0.11949440578215587,0.03333333333333333,0.0,-0.26666666666666666
1743599933.1055744,0.0,0.0,309.0,,-0.196,-0.02,0.15591714529878864,0.06666666666666667,0.0,-0.23333333333333334
1743599933.125739,0.0,0.0,309.0,,-0.196,-0.02,0.15591714529878864,0.06666666666666667,0.0,-0.23333333333333334
1743599933.1460433,0.0,0.0,309.0,,-0.196,-0.02,0.15591714529878864,0.06666666666666667,0.0,-0.23333333333333334
1743599933.1662707,0.0,0.0,309.0,,0.107,-0.157,0.13579011542255515,0.03333333333333333,0.0,-0.03333333333333333
1743599933.1864913,0.0,0.0,309.0,,0.107,-0.157,0.13579011542255515,0.03333333333333333,0.0,-0.03333333333333333
1743599933.206757,0.0,0.0,309.0,,0.038,-0.039,0.1341470725801841,0.06666666666666667,0.0,-0.0
1743599933.2273347,0.0,0.0,309.0,,0.0,-0.039,0.1340754468278007,0.03333333333333333,0.0,-0.0
1743599933.247949,0.0,0.0,309.0,,0.028,-0.147,0.13511059395612435,0.03333333333333333,0.0,-0.0
1743599933.2681487,0.0,0.0,309.0,,0.038,-0.059,0.13424429062054877,0.03333333333333333,0.0,-0.0
1743599933.2883234,0.0,0.0,309.0,,0.028,-0.098,0.13451524585299168,0.03333333333333333,0.0,-0.0
1743599933.3090703,0.0,0.0,309.0,,0.028,-0.098,0.13451524585299168,0.03333333333333333,0.0,-0.0
1743599933.3297582,0.0,0.0,309.0,,0.038,-0.078,0.13437339766216816,0.03333333333333333,0.0,-0.0
1743599933.3499694,0.0,0.0,309.0,,0.038,-0.078,0.13437339766216816,0.03333333333333333,0.0,-0.0
1743599933.3701854,0.0,0.0,309.0,,0.038,-0.078,0.13437339766216816,0.03333333333333333,0.0,-0.0
1743599933.3903928,0.0,0.0,309.0,,0.019,-0.098,0.12449526212204987,0.03333333333333333,0.0,-0.03333333333333333
1743599933.4105957,0.0,0.0,309.0,,0.019,-0.098,0.12449526212204987,0.03333333333333333,0.0,-0.03333333333333333
1743599933.4308178,0.0,0.0,309.0,,0.077,-0.098,0.1347704083136403,0.03333333333333333,0.0,-0.06666666666666667
1743599933.4510572,0.0,0.0,309.0,,0.038,-0.108,0.13465014471727343,0.03333333333333333,0.0,-0.0
1743599933.4713075,0.0,0.0,309.0,,0.038,-0.108,0.13465014471727343,0.03333333333333333,0.0,-0.0
1743599933.4917579,0.0,0.0,309.0,,0.019,-0.108,0.1245976351016882,0.03333333333333333,0.0,-0.0
1743599933.5119398,0.0,0.0,310.0,,0.087,-0.147,0.13544702555544852,0.03333333333333333,0.0,-0.1
1743599933.532142,0.0,0.0,310.0,,0.087,-0.147,0.13544702555544852,0.03333333333333333,0.0,-0.1
1743599933.5528831,0.0,0.0,310.0,,0.166,-0.216,0.12768654868903795,0.03333333333333333,0.0,-0.2
1743599933.5733693,0.0,0.0,310.0,,0.117,-0.137,0.1356096506743114,0.03333333333333333,0.0,-0.1
1743599933.5935626,0.0,0.0,310.0,,0.117,-0.137,0.1356096506743114,0.03333333333333333,0.0,-0.1
1743599933.614032,0.0,0.0,310.0,,0.117,-0.137,0.1356096506743114,0.03333333333333333,0.0,-0.1
1743599933.634578,0.0,0.0,310.0,,-0.02,-0.069,0.1342559962712624,0.03333333333333333,0.0,-0.0
1743599933.6550374,0.0,0.0,310.0,,-0.02,-0.069,0.1342559962712624,0.03333333333333333,0.0,-0.0
1743599933.6752412,0.0,0.0,310.0,,0.019,-0.108,0.1345964338142256,0.03333333333333333,0.0,-0.0
1743599933.6955972,0.0,0.0,310.0,,0.028,-0.098,0.13451524585299168,0.03333333333333333,0.0,-0.0
1743599933.7159019,0.0,0.0,310.0,,0.028,-0.098,0.13451524585299168,0.03333333333333333,0.0,-0.0
1743599933.7366571,0.0,0.0,310.0,,0.038,-0.108,0.13465014471727343,0.03333333333333333,0.0,-0.0
1743599933.7568433,0.0,0.0,310.0,,0.058,-0.098,0.12464449700305735,0.03333333333333333,0.0,-0.0
1743599933.7770455,0.0,0.0,310.0,,0.058,-0.098,0.12464449700305735,0.03333333333333333,0.0,-0.0
1743599933.79747,0.0,0.0,310.0,,0.058,-0.088,0.12455206461288348,0.03333333333333333,0.0,-0.0
1743599933.8178363,0.0,0.0,310.0,,0.058,-0.088,0.12455206461288348,0.03333333333333333,0.0,-0.0
1743599933.8389053,0.0,0.0,309.0,,0.038,-0.098,0.13454797917702344,0.03333333333333333,0.0,-0.0
1743599933.859826,0.0,0.0,309.0,,0.038,-0.098,0.13454797917702344,0.03333333333333333,0.0,-0.0
1743599933.8807096,0.0,0.0,309.0,,0.019,-0.108,0.1245976351016882,0.03333333333333333,0.0,-0.0
1743599933.9011862,0.0,0.0,309.0,,0.019,-0.108,0.1345964338142256,0.03333333333333333,0.0,-0.0
1743599933.9215682,0.0,0.0,309.0,,0.028,-0.098,0.12451628363131206,0.03333333333333333,0.0,-0.0
1743599933.9432945,0.0,0.0,309.0,,0.038,-0.108,0.13465014471727343,0.03333333333333333,0.0,-0.0
1743599933.963491,0.0,0.0,309.0,,0.058,-0.098,0.13464320152923115,0.03333333333333333,0.0,-0.0
1743599933.9872932,0.0,0.0,309.0,,0.058,-0.098,0.13464320152923115,0.03333333333333333,0.0,-0.0
1743599934.0074604,0.0,0.0,309.0,,0.068,-0.098,0.1347056896908665,0.03333333333333333,0.0,-0.0
1743599934.0276854,0.0,0.0,309.0,,0.715,-0.343,0.32109344750750246,0.03333333333333333,0.0,-0.03333333333333333
1743599934.048199,0.0,0.0,309.0,,2.715,-0.696,0.3561078711615888,0.03333333333333333,0.0,-0.5333333333333333
1743599934.0686727,0.0,0.0,309.0,,0.705,0.627,0.1580350788550522,0.06666666666666667,0.0,-0.36666666666666664
1743599934.0888581,0.0,0.0,319.0,,-0.196,0.038,0.20494947828461285,0.03333333333333333,0.0,0.13333333333333333
1743599934.109068,0.0,0.0,319.0,,-0.196,0.038,0.20494947828461285,0.03333333333333333,0.0,0.13333333333333333
1743599934.1298318,0.0,0.0,317.0,,-1.618,0.205,0.23410890175933474,0.03333333333333333,0.03333333333333333,-0.03333333333333333
1743599934.150072,0.0,0.0,316.0,,-1.138,-0.186,0.1992976850329402,0.03333333333333333,0.0,-0.4666666666666667
1743599934.1702826,0.0,0.0,316.0,,1.264,0.019,0.1827909990563139,0.03333333333333333,0.0,-0.13333333333333333
1743599934.1906404,0.0,0.0,316.0,,1.264,0.019,0.1827909990563139,0.03333333333333333,0.0,-0.13333333333333333
1743599934.211139,0.0,0.0,316.0,,1.49,-0.49,0.27333307871756496,0.03333333333333333,0.0,0.06666666666666667
1743599934.2316535,0.0,0.0,316.0,,0.303,-0.275,0.11234507795182402,0.06666666666666667,0.0,-0.03333333333333333
1743599934.2518723,0.0,0.0,316.0,,-0.745,0.058,0.21031287417855538,0.06666666666666667,0.0,-0.06666666666666667
1743599934.2720923,0.0,0.0,316.0,,-0.745,0.058,0.21031287417855538,0.06666666666666667,0.0,-0.06666666666666667
1743599934.2927485,0.0,0.0,316.0,,0.087,-0.235,0.14710710206471944,0.03333333333333333,0.0,-0.3333333333333333
1743599934.3133962,0.0,0.0,316.0,,0.087,-0.235,0.14710710206471944,0.03333333333333333,0.0,-0.3333333333333333
1743599934.3335853,0.0,0.0,316.0,,0.891,0.048,0.1831786940856457,0.03333333333333333,0.0,-0.03333333333333333
1743599934.3539925,0.0,0.0,316.0,,1.019,-0.029,0.17524802044927235,0.03333333333333333,0.0,0.1
1743599934.3745468,0.0,0.0,316.0,,1.019,-0.029,0.17524802044927235,0.03333333333333333,0.0,0.1
1743599934.3953202,0.0,0.0,316.0,,1.019,-0.029,0.17524802044927235,0.03333333333333333,0.0,0.1
1743599934.4155161,0.0,0.0,315.0,,-0.422,-0.284,0.18570971479132226,0.06666666666666667,0.0,0.06666666666666667
1743599934.436418,0.0,0.0,315.0,,-0.422,-0.284,0.18570971479132226,0.06666666666666667,0.0,0.06666666666666667
1743599934.4566305,0.0,0.0,315.0,,0.185,-0.039,0.16476237279621486,0.06666666666666667,0.0,0.03333333333333333
1743599934.4768307,0.0,0.0,315.0,,0.136,-0.098,0.1253963821372519,0.06666666666666667,0.0,0.03333333333333333
1743599934.4969945,0.0,0.0,315.0,,0.136,-0.098,0.1253963821372519,0.06666666666666667,0.0,0.03333333333333333
1743599934.5171773,0.0,0.0,315.0,,0.097,-0.088,0.18384242525822003,0.03333333333333333,0.0,-0.0
1743599934.5412881,0.0,0.0,315.0,,0.019,-0.177,0.0665936069216908,0.03333333333333333,0.0,-0.0
1743599934.5616941,0.0,0.0,314.0,,0.156,-0.235,0.14793624861426657,0.03333333333333333,0.0,-0.0
1743599934.58187,0.0,0.0,314.0,,-0.029,-0.02,0.18306095579089288,0.03333333333333333,0.0,-0.0
1743599934.6020956,0.0,0.0,314.0,,-0.029,-0.02,0.18306095579089288,0.03333333333333333,0.0,-0.0
1743599934.6253564,0.0,0.0,314.0,,-0.029,-0.02,0.18306095579089288,0.03333333333333333,0.0,-0.0
1743599934.6455176,0.0,0.0,314.0,,0.499,-0.275,0.12016033314090713,0.03333333333333333,0.0,-0.0
1743599934.665706,0.0,0.0,314.0,,0.313,-0.216,0.1900960911874492,0.03333333333333333,0.0,0.03333333333333333
1743599934.6859536,0.0,0.0,314.0,,0.313,-0.216,0.1900960911874492,0.03333333333333333,0.0,0.03333333333333333
1743599934.7064533,0.0,0.0,314.0,,-0.549,-0.127,0.13974450300649188,0.03333333333333333,0.0,0.03333333333333333
1743599934.7270353,0.0,0.0,314.0,,-0.412,-0.069,0.17159457145694113,0.03333333333333333,0.0,-0.03333333333333333
1743599934.747481,0.0,0.0,313.0,,0.068,-0.186,0.12594880714159018,0.03333333333333333,0.0,-0.13333333333333333
1743599934.767728,0.0,0.0,313.0,,0.47,-0.539,0.15927055022111603,0.06666666666666667,0.0,-0.13333333333333333
1743599934.787948,0.0,0.0,313.0,,0.215,-0.059,0.10647962103769792,0.03333333333333333,0.0,-0.1
1743599934.8082883,0.0,0.0,312.0,,-0.235,-0.137,0.15765363705740754,0.03333333333333333,0.0,-0.06666666666666667
1743599934.8288007,0.0,0.0,312.0,,-0.628,0.195,0.18425537783332047,0.06666666666666667,0.0,-0.0
1743599934.849001,0.0,0.0,312.0,,-0.628,0.195,0.18425537783332047,0.06666666666666667,0.0,-0.0
1743599934.8692024,0.0,0.0,312.0,,0.028,-0.265,0.05857701403243887,0.03333333333333333,0.0,-0.06666666666666667
1743599934.8895156,0.0,0.0,312.0,,0.48,-0.343,0.1023896896619032,0.06666666666666667,0.0,-0.13333333333333333
1743599934.9098468,0.0,0.0,312.0,,0.48,-0.343,0.1023896896619032,0.06666666666666667,0.0,-0.13333333333333333
1743599934.930333,0.0,0.0,312.0,,0.381,-0.196,0.15307525906207076,0.06666666666666667,0.0,-0.16666666666666666
1743599934.950668,0.0,0.0,312.0,,0.146,0.254,0.12826340652567048,0.03333333333333333,0.0,-0.1
1743599934.9708514,0.0,0.0,312.0,,0.146,0.254,0.12826340652567048,0.03333333333333333,0.0,-0.1
1743599934.9910502,0.0,0.0,312.0,,0.48,-0.127,0.1661571478321182,0.06666666666666667,0.0,-0.03333333333333333
1743599935.0112455,0.0,0.0,312.0,,0.529,-0.098,0.09946811230419961,0.06666666666666667,0.0,0.1
1743599935.0314987,0.0,0.0,312.0,,0.529,-0.098,0.09946811230419961,0.06666666666666667,0.0,0.1
1743599935.0517728,0.0,0.0,312.0,,0.529,-0.098,0.09946811230419961,0.06666666666666667,0.0,0.1
1743599935.0719504,0.0,0.0,312.0,,-0.078,0.0,0.19329822762852444,0.03333333333333333,0.0,0.03333333333333333
1743599935.092121,0.0,0.0,311.0,,0.136,-0.029,0.2129441839403725,0.06666666666666667,-0.06666666666666667,0.13333333333333333
1743599935.1124275,0.0,0.0,311.0,,0.489,-0.127,0.0678397715102772,0.03333333333333333,0.0,0.1
1743599935.1328433,0.0,0.0,311.0,,-0.235,0.019,0.13675612652337676,0.06666666666666667,0.0,-0.0
1743599935.1530309,0.0,0.0,311.0,,-0.235,0.019,0.13675612652337676,0.06666666666666667,0.0,-0.0
1743599935.1732218,0.0,0.0,311.0,,-0.49,-0.039,0.1160358297959494,0.06666666666666667,0.0,-0.0
1743599935.193618,0.0,0.0,310.0,,0.087,-0.333,0.09092895227277964,0.06666666666666667,0.0,-0.06666666666666667
1743599935.21399,0.0,0.0,310.0,,0.087,-0.333,0.09092895227277964,0.06666666666666667,0.0,-0.06666666666666667
1743599935.2354288,0.0,0.0,311.0,,0.117,-0.029,0.15471777697302436,0.06666666666666667,0.0,-0.0
1743599935.255598,0.0,0.0,311.0,,0.087,0.205,-0.030456170682455763,0.03333333333333333,0.0,-0.0
1743599935.2763054,0.0,0.0,311.0,,0.087,0.205,-0.030456170682455763,0.03333333333333333,0.0,-0.0
1743599935.2968588,0.0,0.0,310.0,,-0.275,-0.088,0.23605260231661873,0.06666666666666667,0.0,-0.06666666666666667
1743599935.317229,0.0,0.0,310.0,,-0.275,-0.088,0.23605260231661873,0.06666666666666667,0.0,-0.06666666666666667
1743599935.3374128,0.0,0.0,310.0,,-0.275,-0.088,0.23605260231661873,0.06666666666666667,0.0,-0.06666666666666667
1743599935.3588521,0.0,0.0,310.0,,-0.275,-0.088,0.23605260231661873,0.06666666666666667,0.0,-0.06666666666666667
1743599935.379037,0.0,0.0,309.0,,-0.324,-0.049,0.18826997355615127,0.03333333333333333,0.0,-0.06666666666666667
1743599935.4024122,0.0,0.0,309.0,,-0.324,-0.049,0.18826997355615127,0.03333333333333333,0.0,-0.06666666666666667
1743599935.422672,0.0,0.0,309.0,,0.283,-0.373,0.20372856879460244,0.03333333333333333,-0.03333333333333333,-0.0
1743599935.4429061,0.0,0.0,309.0,,0.617,-0.235,0.11672133824600017,0.06666666666666667,-0.03333333333333333,0.06666666666666667
1743599935.4631252,0.0,0.0,309.0,,0.617,-0.235,0.11672133824600017,0.06666666666666667,-0.03333333333333333,0.06666666666666667
1743599935.48359,0.0,0.0,308.0,,-0.402,-0.02,0.2199018898954801,0.06666666666666667,0.0,0.1
1743599935.5037951,0.0,0.0,308.0,,-0.127,-0.157,0.13602212689135484,0.06666666666666667,0.0,-0.0
1743599935.5241103,0.0,-1.0,307.0,,-0.17120810714975127,-0.284,0.11801453758316427,0.06666666666666667,0.0,-0.0
1743599935.544316,0.0,0.0,306.0,,0.234,-0.049,0.1168454171317812,0.03333333333333333,0.0,-0.0
1743599935.564857,0.0,0.0,306.0,,0.342,-0.304,0.12441139419020253,0.03333333333333333,0.0,-0.13333333333333333
1743599935.5853019,0.0,0.0,306.0,,0.038,-0.02,0.1440912848263487,0.03333333333333333,0.0,-0.13333333333333333
1743599935.6056917,0.0,0.0,307.0,,-0.255,-0.069,0.22539943297531906,0.03333333333333333,0.0,-0.13333333333333333
1743599935.625903,0.0,0.0,307.0,,-0.373,0.225,0.14339903398169263,0.06666666666666667,0.0,-0.1
1743599935.6460986,0.0,0.0,307.0,,0.009,-0.078,0.08530883035953352,0.06666666666666667,-0.03333333333333333,-0.03333333333333333
1743599935.666596,0.0,0.0,307.0,,0.254,0.087,0.15755942674923595,0.03333333333333333,0.0,-0.03333333333333333
1743599935.6883845,0.0,0.0,307.0,,0.695,-0.49,-0.006028296470649508,0.03333333333333333,0.0,-0.0
1743599935.7098186,0.0,0.0,307.0,,0.126,-0.186,0.23445406523916112,0.03333333333333333,0.0,-0.1
1743599935.730024,0.0,0.0,307.0,,0.028,0.028,0.17307717165305725,0.06666666666666667,0.0,-0.06666666666666667
1743599935.7504506,0.0,0.0,307.0,,0.028,0.028,0.17307717165305725,0.06666666666666667,0.0,-0.06666666666666667
1743599935.7706552,0.0,0.0,306.0,,0.45,0.009,0.13405359517688176,0.03333333333333333,0.0,-0.0
1743599935.790817,0.0,0.0,306.0,,0.48,-0.245,0.19723426984778314,0.06666666666666667,0.0,0.16666666666666666
1743599935.8110979,0.0,0.0,306.0,,0.48,-0.245,0.19723426984778314,0.06666666666666667,0.0,0.16666666666666666
1743599935.83154,0.0,0.0,306.0,,0.087,-0.304,0.10898591466571084,0.03333333333333333,0.0,-0.0
1743599935.8517272,0.0,-1.0,306.0,,-0.33820810714975125,0.087,0.1257619270433885,0.06666666666666667,0.0,-0.0
1743599935.871929,0.0,0.0,305.0,,-0.167,0.332,0.15083006060351956,0.03333333333333333,0.0,0.03333333333333333
1743599935.892207,0.0,0.0,305.0,,0.097,-0.029,0.15450636282355923,0.06666666666666667,0.0,0.06666666666666667
1743599935.9126422,0.0,0.0,305.0,,0.166,-0.167,0.18572225510985163,0.03333333333333333,0.0,0.03333333333333333
1743599935.9328313,0.0,0.0,305.0,,0.166,-0.167,0.18572225510985163,0.03333333333333333,0.0,0.03333333333333333
1743599935.953016,0.0,0.0,305.0,,0.028,-0.569,0.2088707878872036,0.06666666666666667,0.0,-0.1
1743599935.9736342,0.0,0.0,305.0,,-0.069,0.009,0.11424114278485753,0.03333333333333333,0.0,-0.1
1743599935.9938715,0.0,0.0,305.0,,-0.226,0.205,0.07967013891852481,0.06666666666666667,0.0,-0.03333333333333333
1743599936.0140445,0.0,0.0,304.0,,0.0,-0.01,0.12400497038889391,0.06666666666666667,0.0,-0.0
1743599936.0342178,0.0,0.0,304.0,,-0.078,-0.226,0.12683984284005412,0.06666666666666667,0.0,-0.0
1743599936.054543,0.0,0.0,304.0,,-0.078,-0.226,0.12683984284005412,0.06666666666666667,0.0,-0.0
1743599936.074917,0.0,0.0,304.0,,0.077,-0.118,0.15498069190178576,0.0,0.0,-0.0
1743599936.0951009,0.0,0.0,304.0,,-0.088,0.019,0.11440363769285966,0.03333333333333333,0.0,-0.0
1743599936.1153421,0.0,0.0,304.0,,-0.088,0.019,0.11440363769285966,0.03333333333333333,0.0,-0.0
1743599936.1356704,0.0,0.0,304.0,,-0.02,0.077,0.05531897654222817,0.03333333333333333,-0.03333333333333333,-0.0
1743599936.1559641,0.0,0.0,304.0,,0.274,-0.216,0.1600086537542751,0.03333333333333333,0.0,-0.0
1743599936.1766958,0.0,0.0,304.0,,0.274,-0.216,0.1600086537542751,0.03333333333333333,0.0,-0.0
1743599936.1971498,0.0,0.0,304.0,,0.038,-0.137,0.09601040090692692,0.03333333333333333,0.0,-0.0
1743599936.217365,0.0,0.0,304.0,,-0.265,0.087,0.19681128501669143,0.03333333333333333,0.0,-0.0
1743599936.2404242,0.0,0.0,304.0,,-0.265,0.087,0.19681128501669143,0.03333333333333333,0.0,-0.0
1743599936.2606275,0.0,0.0,304.0,,0.215,-0.078,0.1265989295501715,0.03333333333333333,0.0,-0.0
1743599936.2808454,0.0,0.0,304.0,,0.342,-0.216,0.16207368060788063,0.03333333333333333,0.0,0.03333333333333333
1743599936.3010547,0.0,0.0,304.0,,0.43,-0.265,0.10773025389509527,0.03333333333333333,0.0,0.03333333333333333
1743599936.3212912,0.0,0.0,304.0,,0.048,0.0,0.08511542030689512,0.06666666666666667,0.0,-0.0
1743599936.3414881,0.0,0.0,304.0,,-0.127,0.048,0.24289468603667963,0.03333333333333333,0.0,-0.03333333333333333
1743599936.3616862,0.0,0.0,304.0,,-0.02,-0.118,0.10471475636067851,0.03333333333333333,0.0,-0.06666666666666667
1743599936.3819141,0.0,0.0,304.0,,-0.167,0.019,0.21337929469633465,0.03333333333333333,0.0,-0.1
1743599936.4021327,0.0,0.0,304.0,,0.146,-0.186,0.08779979664101134,0.06666666666666667,0.0,-0.03333333333333333
1743599936.4223466,0.0,0.0,304.0,,0.185,-0.108,0.08729807068166373,0.03333333333333333,0.0,-0.0
1743599936.4425151,0.0,0.0,304.0,,0.0,-0.039,0.18307470875340925,0.03333333333333333,0.0,-0.0
1743599936.4627442,0.0,0.0,304.0,,0.048,0.038,0.1441855372008476,0.03333333333333333,0.0,0.03333333333333333
1743599936.4864702,0.0,0.0,303.0,,-0.118,-0.177,0.06727541730764841,0.06666666666666667,0.0,-0.0
1743599936.5066693,0.0,0.0,303.0,,-0.01,-0.078,0.15430550671968568,0.06666666666666667,0.0,-0.03333333333333333
1743599936.5268972,0.0,0.0,303.0,,0.028,0.009,0.16304265801556284,0.06666666666666667,0.0,-0.06666666666666667
1743599936.5470946,0.0,0.0,303.0,,-0.059,-0.157,0.14539226212573553,0.03333333333333333,0.0,-0.1
1743599936.5672855,0.0,0.0,304.0,,-0.226,0.019,0.14654536645882743,0.06666666666666667,0.0,-0.13333333333333333
1743599936.587509,0.0,0.0,304.0,,-0.137,-0.177,0.16546969734879724,0.06666666666666667,0.0,-0.06666666666666667
1743599936.607732,0.0,0.0,304.0,,0.46,0.009,0.1245256270463102,0.03333333333333333,-0.03333333333333333,0.06666666666666667
1743599936.6282108,0.0,0.0,304.0,,0.372,-0.137,0.07289519653395082,0.03333333333333333,0.0,-0.03333333333333333
1743599936.652399,0.0,0.0,302.0,,0.234,-0.078,0.19598105291441392,0.03333333333333333,0.03333333333333333,-0.0
1743599936.672602,0.0,0.0,302.0,,0.038,-0.265,0.11756746642338456,0.06666666666666667,0.0,-0.06666666666666667
1743599936.692782,0.0,0.0,302.0,,-0.098,0.028,0.183510205688183,0.03333333333333333,-0.03333333333333333,-0.03333333333333333
1743599936.712965,0.0,0.0,302.0,,-0.098,0.028,0.183510205688183,0.03333333333333333,-0.03333333333333333,-0.03333333333333333
1743599936.7331572,0.0,0.0,302.0,,0.323,-0.363,0.16564367668529378,0.03333333333333333,0.0,-0.0
1743599936.7536268,0.0,0.0,301.0,,0.215,0.068,0.17550168793718868,0.03333333333333333,0.0,-0.0
1743599936.774121,0.0,0.0,301.0,,0.215,0.068,0.17550168793718868,0.03333333333333333,0.0,-0.0
1743599936.7945483,0.0,0.0,301.0,,0.215,0.068,0.17550168793718868,0.03333333333333333,0.0,-0.0
1743599936.814923,0.0,0.0,299.0,,0.058,-0.049,0.09528821078238892,0.06666666666666667,0.0,-0.06666666666666667
1743599936.8353024,0.0,0.0,299.0,,0.019,-0.147,0.19407680489287138,0.06666666666666667,0.0,-0.06666666666666667
1743599936.858721,0.0,0.0,299.0,,0.087,0.038,0.12444795080780047,0.03333333333333333,0.0,-0.2
1743599936.8789406,0.0,0.0,299.0,,-0.059,0.077,0.10446956922169015,0.06666666666666667,0.0,-0.2
1743599936.8993735,0.0,0.0,299.0,,0.009,-0.02,0.15402376375533322,0.03333333333333333,0.0,-0.03333333333333333
1743599936.9196854,0.0,0.0,299.0,,0.176,-0.118,0.20519589252914727,0.03333333333333333,0.0,0.03333333333333333
1743599936.939898,0.0,0.0,299.0,,0.0,0.028,0.08503927542282419,0.06666666666666667,0.0,-0.0
1743599936.9600635,0.0,-1.0,296.0,,-0.20020810714975126,0.136,0.09596661817410279,0.03333333333333333,0.0,-0.1
1743599936.9802718,0.0,-1.0,296.0,,-0.20020810714975126,0.136,0.09596661817410279,0.03333333333333333,0.0,-0.1
1743599937.0008757,0.0,-1.0,296.0,,-0.24920810714975128,0.313,0.16812744939761792,0.06666666666666667,0.0,-0.4666666666666667
1743599937.0212955,0.0,-1.0,295.0,,-0.24920810714975128,0.058,0.13446862509850988,0.03333333333333333,0.0,-0.5666666666666667
1743599937.042033,0.0,-1.0,292.0,,-0.025208107149751274,0.283,0.10905667053475376,0.03333333333333333,0.0,-0.4666666666666667
1743599937.063422,0.0,-2.0,290.0,,-0.039364062651534526,-0.275,0.162261641305955,0.03333333333333333,-0.03333333333333333,-0.3333333333333333
1743599937.083651,0.0,-2.0,291.0,,0.34263593734846554,-0.657,0.15856177920738723,0.03333333333333333,0.0,-0.06666666666666667
1743599937.1043713,0.0,-2.0,291.0,,0.36263593734846544,-0.569,0.1357798275952078,0.03333333333333333,0.0,0.2
1743599937.1246264,0.0,-2.0,289.0,,0.1866359373484655,-0.51,0.18951977460385727,0.06666666666666667,0.0,0.36666666666666664
1743599937.1448324,0.0,-2.0,289.0,,0.1866359373484655,-0.51,0.18951977460385727,0.06666666666666667,0.0,0.36666666666666664
1743599937.1649942,0.0,-3.0,285.0,,-0.44541573074327906,0.117,0.10491377652026479,0.06666666666666667,0.0,0.03333333333333333
1743599937.1851952,0.0,-3.0,285.0,,-0.44541573074327906,0.097,0.14469462136204392,0.06666666666666667,0.0,0.03333333333333333
1743599937.2056656,0.0,-3.0,283.0,,-0.45541573074327907,-0.226,0.1267047627448914,0.06666666666666667,0.0,0.03333333333333333
1743599937.2261765,0.0,-3.0,283.0,,-0.37741573074327905,-0.167,0.09731821466359669,0.06666666666666667,0.0,-0.0
1743599937.2484176,0.0,-3.0,283.0,,-0.36741573074327905,-0.196,0.1759385207159454,0.03333333333333333,0.0,-0.0
1743599937.268605,0.0,-3.0,283.0,,-0.5334157307432791,0.028,0.16305838955946328,0.06666666666666667,0.0,0.03333333333333333
1743599937.2892284,0.0,-2.0,283.0,,-0.4013640626515345,0.107,0.13474050400576587,0.03333333333333333,0.0,-0.03333333333333333
1743599937.3096428,0.0,-2.0,282.0,,-0.19636406265153453,-0.108,0.13563553112091853,0.06666666666666667,0.0,-0.03333333333333333
1743599937.3298297,0.0,-2.0,282.0,,-0.19636406265153453,-0.108,0.13563553112091853,0.06666666666666667,0.0,-0.03333333333333333
1743599937.350011,0.0,-2.0,282.0,,-0.1473640626515345,-0.137,0.06785547004110626,0.06666666666666667,0.0,0.13333333333333333
1743599937.3704023,0.0,-2.0,282.0,,-0.1473640626515345,-0.137,0.06785547004110626,0.06666666666666667,0.0,0.13333333333333333
1743599937.3906116,0.0,-1.0,282.0,,-0.4362081071497513,0.058,0.10767037380134781,0.03333333333333333,-0.03333333333333333,0.23333333333333334
1743599937.4110012,0.0,-2.0,280.0,,-0.5283640626515345,-0.059,0.15588065614502256,0.06666666666666667,0.0,-0.0
1743599937.4311717,0.0,-2.0,280.0,,-0.5283640626515345,-0.059,0.15588065614502256,0.06666666666666667,0.0,-0.0
1743599937.4539888,0.0,-2.0,280.0,,-0.47936406265153453,-0.157,0.09716998008550881,0.03333333333333333,0.0,-0.0
1743599937.4741945,0.0,-1.0,279.0,,-0.24020810714975127,0.0,0.09523801943904076,0.03333333333333333,0.0,-0.0
1743599937.4944637,0.0,-1.0,279.0,,-0.24020810714975127,0.0,0.09523801943904076,0.03333333333333333,0.0,-0.0
1743599937.5147207,0.0,-1.0,279.0,,-0.2592081071497513,0.107,0.1349519111802664,0.03333333333333333,0.0,-0.0
1743599937.5372977,0.0,-1.0,279.0,,-0.23020810714975126,-0.137,0.14510128726573157,0.06666666666666667,0.0,0.03333333333333333
1743599937.5575233,0.0,-1.0,279.0,,-0.23020810714975126,-0.137,0.14510128726573157,0.06666666666666667,0.0,0.03333333333333333
1743599937.5777178,0.0,0.0,279.0,,0.489,-0.157,0.11713691927015368,0.03333333333333333,0.0,-0.03333333333333333
1743599937.5979497,0.0,0.0,279.0,,0.548,-0.343,0.09591330230522566,0.03333333333333333,-0.03333333333333333,0.03333333333333333
1743599937.6183534,0.0,-1.0,279.0,,0.15179189285024874,-0.196,0.180017970612683,0.03333333333333333,0.0,-0.0
1743599937.6386116,0.0,-1.0,278.0,,-0.015208107149751265,-0.245,0.24609264362498529,0.06666666666666667,0.0,-0.03333333333333333
1743599937.6588323,0.0,-1.0,278.0,,-0.045208107149751264,-0.157,0.0570418895481577,0.03333333333333333,0.0,0.03333333333333333
1743599937.6792898,0.0,-1.0,278.0,,-0.10320810714975126,-0.069,0.2224573702043262,0.03333333333333333,0.0,-0.0
1743599937.6996355,0.0,-1.0,278.0,,-0.10320810714975126,-0.069,0.2224573702043262,0.03333333333333333,0.0,-0.0
1743599937.7198405,0.0,0.0,278.0,,0.332,-0.167,0.14084379018036763,0.03333333333333333,0.0,-0.06666666666666667
1743599937.7400773,0.0,0.0,278.0,,0.332,-0.167,0.14084379018036763,0.03333333333333333,0.0,-0.06666666666666667
1743599937.7602804,0.0,0.0,278.0,,0.019,-0.186,0.09674722231845401,0.06666666666666667,0.0,-0.0
1743599937.7805524,0.0,0.0,278.0,,0.038,-0.255,0.11730875706298782,0.03333333333333333,0.0,0.06666666666666667
1743599937.801067,0.0,0.0,278.0,,0.107,-0.186,0.14627863561385723,0.0,0.0,0.2
1743599937.823298,0.0,0.0,278.0,,-0.186,0.068,0.12594880714159018,0.06666666666666667,0.0,0.2
1743599937.8456268,0.0,0.0,277.0,,-0.235,-0.049,0.18582929217554778,0.06666666666666667,0.0,0.16666666666666666
1743599937.8658133,0.0,-1.0,276.0,,-0.2592081071497513,0.0,0.1443833395481633,0.06666666666666667,0.0,0.1
1743599937.8883877,0.0,-1.0,276.0,,-0.23020810714975126,0.107,0.14473901706903725,0.06666666666666667,0.0,0.03333333333333333
1743599937.9085436,0.0,0.0,275.0,,0.323,-0.304,0.07488125138710977,0.03333333333333333,0.0,0.1
1743599937.9287364,0.0,0.0,275.0,,0.381,-0.245,0.22200490938829986,0.06666666666666667,0.0,0.2
1743599937.9513524,0.0,0.0,275.0,,-0.069,-0.127,0.1740279856234075,0.06666666666666667,0.0,0.06666666666666667
1743599937.9715762,0.0,0.0,275.0,,-0.069,-0.127,0.1740279856234075,0.06666666666666667,0.0,0.06666666666666667
1743599937.9917853,0.0,0.0,275.0,,-0.039,0.068,0.17330242568534793,0.03333333333333333,-0.03333333333333333,0.03333333333333333
1743599938.0119684,0.0,0.0,274.0,,-0.059,-0.118,0.04687872563068218,0.03333333333333333,0.0,-0.0
1743599938.0321705,0.0,0.0,274.0,,-0.059,-0.118,0.04687872563068218,0.03333333333333333,0.0,-0.0
1743599938.0523622,0.0,0.0,274.0,,0.058,0.087,0.16353912679782923,0.06666666666666667,0.0,0.06666666666666667
1743599938.072536,0.0,0.0,274.0,,0.176,-0.078,0.06686357318248781,0.03333333333333333,0.0,-0.06666666666666667
1743599938.0936694,0.0,0.0,274.0,,0.176,-0.078,0.06686357318248781,0.03333333333333333,0.0,-0.06666666666666667
1743599938.1141603,0.0,0.0,274.0,,0.166,-0.029,0.13540830173569063,0.03333333333333333,0.0,-0.0
1743599938.1345491,0.0,0.0,274.0,,0.166,-0.167,0.1567381176520648,0.06666666666666667,0.0,0.13333333333333333
1743599938.1554286,0.0,0.0,274.0,,0.166,-0.167,0.1567381176520648,0.06666666666666667,0.0,0.13333333333333333
1743599938.1758316,0.0,0.0,274.0,,0.087,-0.177,0.11593670801058664,0.06666666666666667,0.0,0.1
1743599938.196229,0.0,0.0,273.0,,0.205,-0.196,0.11800384281477072,0.06666666666666667,0.0,0.03333333333333333
1743599938.2163835,0.0,0.0,273.0,,0.205,-0.196,0.11800384281477072,0.06666666666666667,0.0,0.03333333333333333
1743599938.236562,0.0,0.0,273.0,,0.107,-0.01,0.026585473810163407,0.03333333333333333,0.0,-0.0
1743599938.2568972,0.0,0.0,273.0,,0.019,-0.01,0.16302273457235117,0.06666666666666667,0.0,0.06666666666666667
1743599938.277132,0.0,0.0,273.0,,0.019,-0.01,0.16302273457235117,0.06666666666666667,0.0,0.06666666666666667
1743599938.2974288,0.0,0.0,273.0,,-0.098,-0.127,0.0862888792707146,0.06666666666666667,0.0,-0.13333333333333333
1743599938.3178725,0.0,0.0,273.0,,-0.098,-0.127,0.0862888792707146,0.06666666666666667,0.0,-0.13333333333333333
1743599938.3382323,0.0,0.0,273.0,,-0.039,0.342,0.14986027261533152,0.03333333333333333,0.0,-0.16666666666666666
1743599938.3583984,0.0,0.0,271.0,,0.156,-0.569,0.14125614946044962,0.03333333333333333,0.0,0.16666666666666666
1743599938.378569,0.0,0.0,271.0,,0.146,-0.206,0.1171735732777286,0.03333333333333333,0.0,0.1
1743599938.3990514,0.0,0.0,271.0,,0.146,-0.206,0.1171735732777286,0.03333333333333333,0.0,0.1
1743599938.4194782,1.0,0.0,269.0,,-0.039,-0.09420810714975127,0.2713595540441833,0.03333333333333333,0.0,-0.0
1743599938.4424076,1.0,0.0,269.0,,0.058,-0.045208107149751264,0.006979286901866999,0.03333333333333333,0.0,-0.0
1743599938.462597,1.0,0.0,269.0,,0.009,-0.2592081071497513,0.16338587451348552,0.03333333333333333,0.0,-0.03333333333333333
1743599938.4828935,1.0,0.0,269.0,,0.293,-0.6222081071497513,0.05060233114292423,0.03333333333333333,0.0,0.1
1743599938.5031822,1.0,0.0,269.0,,0.274,-0.5142081071497513,0.20243386620383852,0.03333333333333333,0.0,0.13333333333333333
1743599938.523387,1.0,0.0,268.0,,0.038,-0.22020810714975125,0.15418995700069438,0.06666666666666667,0.0,0.03333333333333333
1743599938.543563,1.0,0.0,268.0,,0.225,-0.17120810714975127,0.07754028231919285,0.03333333333333333,0.0,-0.13333333333333333
1743599938.5641844,1.0,0.0,268.0,,0.068,-0.19120810714975126,0.12424970299368354,0.03333333333333333,0.0,-0.23333333333333334
1743599938.5843523,1.0,0.0,268.0,,0.068,-0.19120810714975126,0.12424970299368354,0.03333333333333333,0.0,-0.23333333333333334
1743599938.6045263,1.0,-1.0,267.0,,-0.06420810714975127,-0.3672081071497513,0.1754532948992562,0.03333333333333333,0.0,0.03333333333333333
1743599938.6248102,1.0,-1.0,266.0,,-0.15220810714975128,-0.08420810714975127,0.2913812046082356,0.03333333333333333,0.0,-0.0
1743599938.644975,2.0,-1.0,266.0,,-0.21020810714975127,-0.4013640626515345,0.12424860959061235,0.06666666666666667,0.0,-0.0
1743599938.665174,2.0,-1.0,266.0,,-0.15220810714975128,-0.4603640626515345,0.09571410631525623,0.03333333333333333,0.0,-0.03333333333333333
1743599938.685867,2.0,-1.0,265.0,,-0.17120810714975127,-0.49936406265153455,0.14522000615649588,0.03333333333333333,0.0,-0.0
1743599938.7060626,1.0,0.0,265.0,,-0.01,-0.24020810714975127,0.1142420889937199,0.06666666666666667,0.0,0.03333333333333333
1743599938.7262733,1.0,0.0,265.0,,-0.01,-0.24020810714975127,0.1142420889937199,0.06666666666666667,0.0,0.03333333333333333
1743599938.7468789,1.0,0.0,265.0,,-0.441,-0.14320810714975127,0.2614464176121114,0.03333333333333333,0.0,0.06666666666666667
1743599938.7673645,1.0,0.0,265.0,,-0.088,-0.23020810714975126,0.07556342303437091,0.03333333333333333,0.0,0.03333333333333333
1743599938.7876716,1.0,0.0,265.0,,0.087,-0.40620810714975125,0.14710710206471944,0.06666666666666667,0.0,0.03333333333333333
1743599938.8082027,1.0,0.0,264.0,,0.274,-0.46520810714975125,0.1420018416561888,0.03333333333333333,0.0,0.13333333333333333
1743599938.8286629,1.0,0.0,264.0,,0.0,-0.3972081071497513,0.1565224404505674,0.06666666666666667,0.0,0.06666666666666667
1743599938.8514364,1.0,0.0,264.0,,0.077,-0.41620810714975126,0.10728975700629384,0.06666666666666667,0.0,-0.03333333333333333
1743599938.8716567,1.0,0.0,264.0,,0.225,-0.09420810714975127,0.15679286155775252,0.06666666666666667,0.0,-0.03333333333333333
1743599938.8918524,1.0,0.0,264.0,,0.225,-0.09420810714975127,0.15679286155775252,0.06666666666666667,0.0,-0.03333333333333333
1743599938.9120212,0.0,0.0,264.0,,0.156,-0.039,0.07629770989946572,0.06666666666666667,0.0,-0.0
1743599938.932219,0.0,0.0,264.0,,0.156,-0.039,0.07629770989946572,0.06666666666666667,0.0,-0.0
1743599938.9526312,0.0,0.0,264.0,,0.0,-0.275,0.18671249637710297,0.06666666666666667,0.0,-0.0
1743599938.973054,0.0,0.0,264.0,,-0.039,-0.088,0.13445954885304978,0.03333333333333333,0.0,-0.13333333333333333
1743599938.9935951,0.0,0.0,264.0,,-0.039,-0.088,0.13445954885304978,0.03333333333333333,0.0,-0.13333333333333333
1743599939.0142047,0.0,0.0,264.0,,0.009,0.166,0.14536786675870772,0.03333333333333333,0.0,-0.06666666666666667
1743599939.0347342,0.0,0.0,264.0,,-0.059,0.087,0.15454588052574358,0.06666666666666667,0.0,0.16666666666666666
1743599939.054957,0.0,0.0,264.0,,-0.059,0.087,0.15454588052574358,0.06666666666666667,0.0,0.16666666666666666
1743599939.0751524,0.0,0.0,264.0,,0.146,0.097,0.16451488149004234,0.03333333333333333,0.0,-0.0
1743599939.0953374,0.0,0.0,264.0,,0.068,-0.206,0.1463288471815769,0.03333333333333333,0.0,-0.03333333333333333
1743599939.11564,0.0,0.0,264.0,,0.068,-0.206,0.1463288471815769,0.03333333333333333,0.0,-0.03333333333333333
1743599939.13595,0.0,0.0,264.0,,0.195,-0.186,0.09862870161263615,0.03333333333333333,0.0,-0.3
1743599939.1562886,0.0,0.0,264.0,,-0.02,0.048,0.2711305057969522,0.03333333333333333,0.0,-0.16666666666666666
1743599939.1764927,0.0,0.0,264.0,,-0.02,0.048,0.2711305057969522,0.03333333333333333,0.0,-0.16666666666666666
1743599939.1966646,0.0,0.0,265.0,,0.225,-0.235,0.14923584524900413,0.03333333333333333,0.0,-0.16666666666666666
1743599939.216953,0.0,0.0,265.0,,0.058,-0.118,0.2038456665901336,0.03333333333333333,0.0,0.03333333333333333
1743599939.2371278,0.0,0.0,265.0,,0.058,-0.118,0.2038456665901336,0.03333333333333333,0.0,0.03333333333333333
1743599939.2572954,0.0,0.0,265.0,,-0.196,-0.01,0.14590615548289243,0.03333333333333333,0.0,-0.0
1743599939.2775936,0.0,0.0,265.0,,-0.01,0.166,0.13537156078615098,0.03333333333333333,0.0,-0.03333333333333333
1743599939.3016458,0.0,0.0,265.0,,0.176,-0.235,0.15825599572737303,0.03333333333333333,0.0,-0.03333333333333333
1743599939.321868,0.0,0.0,265.0,,0.234,-0.177,0.1282759652067984,0.06666666666666667,0.0,-0.0
1743599939.3420498,0.0,0.0,265.0,,0.234,-0.177,0.1282759652067984,0.06666666666666667,0.0,-0.0
1743599939.3622553,0.0,0.0,265.0,,0.303,-0.284,0.16250956138880213,0.03333333333333333,0.0,-0.1
1743599939.3824673,0.0,0.0,265.0,,0.176,-0.049,0.12565854725921355,0.06666666666666667,0.0,-0.13333333333333333
1743599939.4027212,0.0,0.0,265.0,,0.136,-0.039,0.2819640633332021,0.06666666666666667,0.0,-0.13333333333333333
1743599939.4229584,0.0,0.0,265.0,,0.166,-0.177,-0.019985992485525017,0.03333333333333333,0.0,-0.03333333333333333
1743599939.4431705,0.0,0.0,265.0,,0.097,-0.049,0.18358004089641788,0.03333333333333333,0.0,-0.0
1743599939.4634867,0.0,0.0,265.0,,0.117,0.0,0.10468307366831375,0.06666666666666667,0.0,-0.1
1743599939.4864075,0.0,0.0,265.0,,0.117,-0.078,0.07599241272627566,0.06666666666666667,0.0,-0.16666666666666666
1743599939.506588,0.0,0.0,266.0,,0.215,0.264,0.15972207550393946,0.06666666666666667,0.0,-0.13333333333333333
1743599939.5272384,0.0,0.0,266.0,,0.117,-0.039,0.13475438995388345,0.06666666666666667,0.0,-0.0
1743599939.547721,0.0,0.0,266.0,,-0.049,-0.235,0.2148129490252213,0.06666666666666667,0.0,-0.03333333333333333
1743599939.5684445,0.0,0.0,266.0,,0.166,-0.275,0.10015451003936882,0.03333333333333333,0.0,-0.13333333333333333
1743599939.5886488,0.0,0.0,266.0,,0.097,-0.078,0.14476688162516993,0.06666666666666667,0.0,-0.13333333333333333
1743599939.6088247,0.0,0.0,266.0,,0.028,0.019,0.08505735999334085,0.03333333333333333,0.0,-0.03333333333333333
1743599939.6291444,0.0,0.0,266.0,,-0.059,0.136,0.14508777708959641,0.03333333333333333,0.0,-0.1
1743599939.6494184,0.0,0.0,266.0,,-0.059,0.136,0.14508777708959641,0.03333333333333333,0.0,-0.1
1743599939.6695857,0.0,0.0,266.0,,0.058,-0.127,0.08597638535320229,0.03333333333333333,0.0,-0.13333333333333333
1743599939.6897554,0.0,0.0,267.0,,0.028,-0.069,0.1732728979653153,0.06666666666666667,0.0,-0.13333333333333333
1743599939.7101874,0.0,0.0,267.0,,0.028,-0.069,0.1732728979653153,0.06666666666666667,0.0,-0.13333333333333333
1743599939.7306542,0.0,0.0,267.0,,0.028,-0.324,0.13924191555067011,0.06666666666666667,0.0,-0.13333333333333333
1743599939.7508712,0.0,0.0,267.0,,-0.069,-0.363,0.09183253083262599,0.06666666666666667,0.0,-0.13333333333333333
1743599939.7710807,0.0,0.0,267.0,,-0.069,-0.363,0.09183253083262599,0.06666666666666667,0.0,-0.13333333333333333
1743599939.7919457,0.0,0.0,267.0,,-0.098,-0.137,0.1743961414075823,0.0,0.0,-0.06666666666666667
1743599939.812406,0.0,0.0,267.0,,0.195,-0.402,0.1438874304553739,0.03333333333333333,0.0,-0.23333333333333334
1743599939.8328161,0.0,0.0,267.0,,0.195,-0.402,0.1438874304553739,0.03333333333333333,0.0,-0.23333333333333334
1743599939.8530579,0.0,0.0,268.0,,0.362,0.0,0.15048082581474098,0.03333333333333333,0.0,-0.2
1743599939.8734837,0.0,0.0,268.0,,0.097,0.166,0.11584049218691561,0.06666666666666667,0.0,-0.2
1743599939.893756,0.0,0.0,268.0,,0.097,0.166,0.11584049218691561,0.06666666666666667,0.0,-0.2
1743599939.914031,0.0,0.0,268.0,,0.185,-0.029,0.17472539489933858,0.03333333333333333,0.0,-0.1
1743599939.93438,0.0,0.0,268.0,,0.0,-0.029,0.10404196955759915,0.03333333333333333,0.0,-0.0
1743599939.9546733,0.0,0.0,268.0,,0.0,-0.029,0.10404196955759915,0.03333333333333333,0.0,-0.0
1743599939.9749699,0.0,0.0,269.0,,0.097,0.009,0.1834661036420453,0.03333333333333333,0.0,-0.1
1743599939.995172,0.0,0.0,269.0,,0.303,-0.127,0.051445656555863195,0.03333333333333333,0.0,-0.0
1743599940.0153766,0.0,0.0,269.0,,0.303,-0.127,0.051445656555863195,0.03333333333333333,0.0,-0.0
1743599940.035785,0.0,0.0,268.0,,-0.039,-0.226,0.10662378288344421,0.06666666666666667,0.0,0.06666666666666667
1743599940.0560415,0.0,0.0,268.0,,0.009,-0.029,0.09504609543438924,0.03333333333333333,0.0,-0.0
1743599940.07623,0.0,0.0,268.0,,0.009,-0.029,0.09504609543438924,0.03333333333333333,0.0,-0.0
1743599940.0994542,0.0,0.0,268.0,,-0.245,0.019,0.15698201468773298,0.03333333333333333,0.0,0.06666666666666667
1743599940.119641,0.0,0.0,268.0,,-0.108,0.068,0.14480622815172595,0.06666666666666667,0.0,0.03333333333333333
1743599940.1398132,0.0,0.0,268.0,,0.087,-0.02,0.08539919466811163,0.03333333333333333,0.0,0.03333333333333333
1743599940.1600347,0.0,0.0,268.0,,-0.078,-0.392,0.14191455296332833,0.06666666666666667,0.0,0.1
1743599940.1814632,0.0,0.0,268.0,,0.048,-0.147,0.14518358431241118,0.03333333333333333,0.0,-0.0
1743599940.2016854,0.0,0.0,268.0,,0.244,-0.333,0.11249395882399327,0.03333333333333333,0.0,-0.03333333333333333
1743599940.2218719,0.0,0.0,268.0,,0.0,-0.108,0.07558545604734057,0.06666666666666667,0.0,0.13333333333333333
1743599940.2420378,0.0,0.0,267.0,,-0.196,-0.118,0.19556473118910667,0.06666666666666667,0.0,0.03333333333333333
1743599940.2623537,0.0,0.0,267.0,,-0.059,0.0,0.15417197454814335,0.03333333333333333,0.0,-0.03333333333333333
1743599940.2826772,0.0,0.0,267.0,,0.009,-0.02,0.1440238115262904,0.03333333333333333,0.0,-0.0
1743599940.3029978,0.0,0.0,267.0,,0.058,0.019,0.09518622756396056,0.06666666666666667,0.0,0.06666666666666667
1743599940.3233697,0.0,0.0,267.0,,-0.049,-0.029,0.11416146105614722,0.03333333333333333,-0.03333333333333333,0.03333333333333333
1743599940.3435566,0.0,0.0,267.0,,0.097,-0.216,0.1367798667368305,0.03333333333333333,0.0,-0.06666666666666667
1743599940.3637967,0.0,0.0,267.0,,0.195,-0.088,0.13626953807511022,0.03333333333333333,0.0,-0.06666666666666667
1743599940.384081,0.0,0.0,267.0,,0.215,-0.235,0.16799927865701925,0.03333333333333333,0.0,-0.0
1743599940.4043796,0.0,0.0,267.0,,0.146,-0.157,0.008339062506733441,0.03333333333333333,0.0,0.03333333333333333
1743599940.4245572,0.0,0.0,267.0,,0.068,-0.02,0.1342492010469254,0.03333333333333333,0.0,-0.06666666666666667
1743599940.4449291,0.0,0.0,267.0,,0.077,0.0,0.13429408894623407,0.06666666666666667,0.0,-0.13333333333333333
1743599940.4673746,0.0,0.0,267.0,,0.225,0.009,0.06754949889345419,0.03333333333333333,0.0,-0.03333333333333333
1743599940.4875836,0.0,0.0,267.0,,0.176,0.117,0.17519754743693916,0.03333333333333333,0.0,0.03333333333333333
1743599940.5078156,0.0,0.0,267.0,,0.107,-0.167,0.06697808844919884,0.06666666666666667,0.0,-0.0
1743599940.5326395,0.0,0.0,268.0,,0.097,0.009,0.21246341026894555,0.06666666666666667,0.0,-0.2
1743599940.5528574,0.0,0.0,268.0,,0.225,0.009,0.07754434518979103,0.03333333333333333,0.0,-0.2
1743599940.573222,0.0,0.0,268.0,,0.225,0.009,0.07754434518979103,0.03333333333333333,0.0,-0.2
1743599940.5937455,0.0,0.0,270.0,,0.264,-0.324,0.18158558195184682,0.06666666666666667,0.0,-0.1
1743599940.613933,0.0,0.0,270.0,,0.264,-0.324,0.18158558195184682,0.06666666666666667,0.0,-0.1
1743599940.6346304,0.0,0.0,270.0,,0.126,-0.186,0.09752239466618384,0.03333333333333333,-0.03333333333333333,0.03333333333333333
1743599940.65509,0.0,0.0,270.0,,0.077,-0.118,0.04700229878097595,0.06666666666666667,0.0,0.03333333333333333
1743599940.6756015,0.0,0.0,270.0,,0.077,-0.118,0.04700229878097595,0.06666666666666667,0.0,0.03333333333333333
1743599940.695764,0.0,0.0,271.0,,-0.02,-0.098,0.12449720028104139,0.06666666666666667,0.0,0.13333333333333333
1743599940.7161622,0.0,0.0,271.0,,-0.137,0.048,0.1450430396976028,0.03333333333333333,0.0,0.1
1743599940.7364218,0.0,0.0,271.0,,-0.137,0.048,0.1450430396976028,0.03333333333333333,0.0,0.1
1743599940.7567885,0.0,0.0,271.0,,0.009,-0.059,0.10417775560080145,0.03333333333333333,0.0,0.1
1743599940.7774062,0.0,0.0,270.0,,-0.059,-0.029,0.18321228431284808,0.06666666666666667,0.0,0.1
1743599940.7984555,0.0,0.0,270.0,,-0.059,-0.029,0.18321228431284808,0.06666666666666667,0.0,0.1
1743599940.8188102,0.0,0.0,270.0,,-0.098,0.048,0.2425780088570626,0.06666666666666667,0.0,-0.0
1743599940.8393383,0.0,0.0,270.0,,0.097,-0.078,0.055780779680841164,0.06666666666666667,0.0,-0.03333333333333333
1743599940.859498,0.0,0.0,270.0,,0.146,-0.284,0.18800490363799227,0.03333333333333333,0.0,-0.03333333333333333
1743599940.8824155,0.0,0.0,270.0,,0.107,-0.01,0.046583100321381465,0.06666666666666667,0.0,-0.0
1743599940.902605,0.0,0.0,270.0,,-0.186,0.215,0.1479985485014499,0.03333333333333333,0.0,-0.06666666666666667
1743599940.9228067,0.0,0.0,270.0,,0.205,0.107,0.15664082031456772,0.03333333333333333,0.0,-0.1
1743599940.9430306,0.0,0.0,270.0,,0.176,0.097,0.09701844112749036,0.06666666666666667,0.0,-0.03333333333333333
1743599940.9636643,0.0,0.0,270.0,,-0.088,-0.196,0.13628891972723167,0.03333333333333333,-0.03333333333333333,-0.1
1743599940.9841278,0.0,0.0,270.0,,0.058,-0.333,0.10969679204415961,0.03333333333333333,0.0,-0.2
1743599941.004555,0.0,0.0,271.0,,0.038,-0.049,0.20318810244137175,0.03333333333333333,0.0,-0.2
1743599941.0251493,0.0,0.0,271.0,,0.117,-0.167,0.13606178532373647,0.03333333333333333,-0.03333333333333333,-0.0
1743599941.0456204,0.0,0.0,271.0,,0.244,-0.216,0.12927390342276013,0.03333333333333333,-0.03333333333333333,0.1
1743599941.0660756,0.0,0.0,271.0,,0.038,0.215,0.08738717859045586,0.03333333333333333,0.0,-0.0
1743599941.0874355,0.0,0.0,273.0,,0.185,-0.098,0.0771993844751826,0.06666666666666667,0.03333333333333333,-0.16666666666666666
1743599941.1076415,0.0,0.0,273.0,,0.068,0.166,0.19457710197351474,0.03333333333333333,0.0,-0.23333333333333334
1743599941.1278353,0.0,0.0,274.0,,0.068,-0.157,0.14544882106957324,0.03333333333333333,0.0,-0.23333333333333334
1743599941.1480374,1.0,0.0,277.0,,0.538,-0.5142081071497513,0.10533056021733245,0.03333333333333333,0.0,-0.2
1743599941.1682363,1.0,0.0,277.0,,0.293,-0.5442081071497513,0.14514080381904293,0.03333333333333333,0.0,-0.03333333333333333
1743599941.1886537,1.0,0.0,277.0,,0.117,-0.41620810714975126,0.19661150795249505,0.03333333333333333,0.0,0.1
1743599941.208935,0.0,0.0,277.0,,0.234,-0.333,0.0633381400903481,0.06666666666666667,0.0,-0.0
1743599941.2292874,1.0,0.0,279.0,,0.332,-0.2692081071497513,0.19886876781684037,0.03333333333333333,0.0,-0.03333333333333333
1743599941.2497652,1.0,0.0,280.0,,0.185,-0.17120810714975127,0.1746840248117767,0.03333333333333333,0.0,0.03333333333333333
1743599941.2702157,1.0,0.0,280.0,,0.185,-0.17120810714975127,0.1746840248117767,0.03333333333333333,0.0,0.03333333333333333
1743599941.2904913,1.0,0.0,280.0,,0.185,-0.15220810714975128,0.0867321787763018,0.03333333333333333,0.0,0.03333333333333333
1743599941.310681,1.0,0.0,280.0,,0.087,-0.13320810714975126,0.09545057750020369,0.03333333333333333,0.0,0.2
1743599941.3309538,1.0,0.0,280.0,,0.087,-0.13320810714975126,0.09545057750020369,0.03333333333333333,0.0,0.2
1743599941.3554516,1.0,0.0,279.0,,0.107,-0.41620810714975126,0.15752927295494246,0.03333333333333333,0.0,0.1
1743599941.3756614,0.0,0.0,279.0,,0.195,-0.284,0.15985819221005215,0.03333333333333333,0.0,0.2
1743599941.3958309,0.0,0.0,279.0,,0.195,-0.284,0.15985819221005215,0.03333333333333333,0.0,0.2
1743599941.4187224,0.0,0.0,279.0,,-0.029,0.038,0.26111050264822033,0.03333333333333333,0.0,0.13333333333333333
1743599941.438928,0.0,0.0,279.0,,0.176,0.0,0.017573281162956533,0.03333333333333333,0.0,0.06666666666666667
1743599941.45912,0.0,0.0,278.0,,-0.039,-0.059,0.12424860959061235,0.03333333333333333,0.0,0.1
1743599941.4793468,0.0,0.0,278.0,,-0.049,-0.029,0.17315955825730356,0.03333333333333333,0.0,0.1
1743599941.4998403,0.0,0.0,278.0,,-0.049,0.087,0.114496509641965,0.03333333333333333,0.0,0.06666666666666667
1743599941.5202787,0.0,0.0,278.0,,0.058,-0.196,0.08709236230708406,0.03333333333333333,0.0,0.1
1743599941.5405369,0.0,0.0,278.0,,0.028,-0.088,0.19341802081346948,0.06666666666666667,0.0,0.06666666666666667
1743599941.5611064,0.0,0.0,278.0,,0.048,-0.294,0.1184166354833529,0.03333333333333333,0.0,0.03333333333333333
1743599941.581547,0.0,0.0,277.0,,0.117,-0.049,0.173791808811389,0.03333333333333333,0.0,0.06666666666666667
1743599941.6017358,0.0,0.0,277.0,,-0.177,0.038,0.06664805442582633,0.03333333333333333,0.0,0.03333333333333333
1743599941.6219046,0.0,0.0,277.0,,-0.01,0.136,0.14492045412743337,0.03333333333333333,0.0,-0.03333333333333333
1743599941.642306,0.0,0.0,277.0,,0.0,0.019,0.14401787103700414,0.03333333333333333,0.0,-0.03333333333333333
1743599941.6626868,0.0,0.0,277.0,,0.077,0.0,0.15429290957796127,0.03333333333333333,0.0,-0.0
1743599941.6830232,0.0,0.0,277.0,,-0.088,-0.118,0.11507897820540691,0.06666666666666667,0.0,-0.0
1743599941.7035706,0.0,0.0,277.0,,-0.059,-0.098,0.19364137142751758,0.06666666666666667,0.0,-0.03333333333333333
1743599941.7237613,0.0,0.0,277.0,,0.048,-0.304,0.09973213810800985,0.03333333333333333,0.0,-0.1
1743599941.7439613,0.0,0.0,277.0,,0.077,-0.284,0.07934349991379364,0.03333333333333333,0.0,-0.03333333333333333
1743599941.7642982,0.0,0.0,277.0,,0.215,-0.127,0.058141235635831734,0.0,0.0,0.1
1743599941.7845762,0.0,0.0,277.0,,0.077,-0.196,0.11620781931437385,0.06666666666666667,0.0,0.13333333333333333
1743599941.8054976,0.0,0.0,277.0,,0.234,0.215,0.15898517143941682,0.03333333333333333,0.0,0.03333333333333333
1743599941.825691,0.0,0.0,277.0,,0.234,0.215,0.15898517143941682,0.03333333333333333,0.0,0.03333333333333333
1743599941.8461514,0.0,0.0,278.0,,0.009,-0.147,0.16406948796263876,0.06666666666666667,0.0,-0.03333333333333333
1743599941.8663673,0.0,0.0,278.0,,0.028,-0.078,0.1143420369879351,0.03333333333333333,0.0,-0.1
1743599941.8865745,0.0,0.0,278.0,,0.087,-0.069,0.13461156024274423,0.03333333333333333,0.0,-0.1
1743599941.907179,0.0,0.0,278.0,,0.185,-0.196,0.15758686596680427,0.06666666666666667,0.0,-0.0
1743599941.9275844,0.0,0.0,278.0,,0.077,-0.108,0.12487432428176248,0.03333333333333333,0.0,0.06666666666666667
1743599941.9477768,0.0,0.0,278.0,,0.136,0.0,0.09592458419976602,0.06666666666666667,0.0,0.03333333333333333
1743599941.968213,0.0,0.0,278.0,,0.048,-0.108,0.13469279540609236,0.06666666666666667,0.0,-0.03333333333333333
1743599941.9888434,0.0,0.0,278.0,,0.077,-0.059,0.15446486872225051,0.06666666666666667,0.0,-0.06666666666666667
1743599942.0093822,0.0,0.0,278.0,,0.087,-0.167,0.11576547871390197,0.03333333333333333,0.0,-0.06666666666666667
1743599942.0295444,0.0,0.0,278.0,,0.117,-0.226,0.22515496675241842,0.03333333333333333,0.0,0.1
1743599942.0501812,0.0,0.0,278.0,,0.117,-0.226,0.22515496675241842,0.03333333333333333,0.0,0.1
1743599942.0703828,0.0,0.0,278.0,,0.195,-0.206,-0.018882327932800536,0.03333333333333333,0.0,0.03333333333333333
1743599942.0905464,0.0,0.0,277.0,,0.087,0.058,0.13454227566686505,0.06666666666666667,0.0,0.03333333333333333
1743599942.1107407,0.0,0.0,277.0,,0.087,0.058,0.13454227566686505,0.06666666666666667,0.0,0.03333333333333333
1743599942.13132,0.0,0.0,277.0,,0.048,0.0,0.15411382731453038,0.03333333333333333,0.0,-0.03333333333333333
1743599942.15181,0.0,0.0,277.0,,0.068,-0.01,0.1042357411602648,0.03333333333333333,0.0,-0.0
1743599942.172185,0.0,0.0,277.0,,0.068,-0.01,0.1042357411602648,0.03333333333333333,0.0,-0.0
1743599942.192496,0.0,0.0,277.0,,0.068,-0.01,0.1042357411602648,0.03333333333333333,0.0,-0.0
1743599942.2126625,0.0,0.0,277.0,,0.146,-0.333,0.17950029288784464,0.03333333333333333,0.0,-0.0
1743599942.2353888,0.0,0.0,277.0,,0.146,-0.333,0.17950029288784464,0.03333333333333333,0.0,-0.0
1743599942.2555466,0.0,0.0,277.0,,0.028,-0.284,0.1969898009551443,0.03333333333333333,0.0,-0.0
1743599942.2757611,0.0,0.0,277.0,,0.087,-0.118,0.16405977588386023,0.06666666666666667,0.0,-0.0
1743599942.2961621,0.0,0.0,277.0,,0.087,-0.118,0.16405977588386023,0.06666666666666667,0.0,-0.0
1743599942.3164475,0.0,0.0,277.0,,0.028,-0.098,0.19350918617211832,0.03333333333333333,0.0,-0.03333333333333333
1743599942.3374631,0.0,0.0,277.0,,0.038,-0.108,0.13465014471727343,0.03333333333333333,0.0,-0.03333333333333333
1743599942.3576863,0.0,0.0,277.0,,0.038,-0.108,0.13465014471727343,0.03333333333333333,0.0,-0.03333333333333333
1743599942.3785512,0.0,0.0,277.0,,0.058,-0.108,0.10474988138046193,0.03333333333333333,0.0,-0.0
1743599942.398943,0.0,0.0,277.0,,0.117,0.225,0.147182276401999,0.06666666666666667,0.0,-0.0
1743599942.419271,0.0,0.0,277.0,,0.038,0.077,0.15436424333983112,0.03333333333333333,0.0,-0.03333333333333333
1743599942.4433696,0.0,0.0,277.0,,-0.029,0.107,0.08561562807158296,0.03333333333333333,0.0,-0.03333333333333333
1743599942.4635396,0.0,0.0,277.0,,0.117,-0.029,0.15471777697302436,0.03333333333333333,0.0,-0.1
1743599942.483705,0.0,0.0,277.0,,0.156,-0.118,0.1159049516265398,0.06666666666666667,0.0,-0.1
1743599942.5039253,0.0,0.0,277.0,,0.058,-0.02,0.1341867041609195,0.03333333333333333,0.0,-0.06666666666666667
1743599942.5241318,0.0,0.0,277.0,,0.126,0.009,0.15478826178302896,0.06666666666666667,0.0,-0.1
1743599942.5446022,0.0,0.0,277.0,,0.156,-0.216,0.09854734843573176,0.06666666666666667,0.0,-0.06666666666666667
1743599942.5650127,0.0,0.0,277.0,,0.077,-0.186,0.13600958481198688,0.03333333333333333,0.0,-0.0
1743599942.585228,0.0,0.0,277.0,,0.136,-0.353,0.16106247941099738,0.06666666666666667,0.0,-0.0
1743599942.6073906,0.0,0.0,277.0,,0.087,-0.167,0.1357583860786633,0.03333333333333333,0.0,-0.06666666666666667
1743599942.627558,0.0,0.0,277.0,,0.117,-0.029,0.13472066683473116,0.03333333333333333,0.0,-0.0
1743599942.6477249,0.0,0.0,277.0,,0.019,-0.098,0.14449327406798496,0.03333333333333333,0.0,0.03333333333333333
1743599942.6682081,0.0,0.0,277.0,,0.156,0.0,0.13520694039654835,0.03333333333333333,0.0,0.06666666666666667
1743599942.6894672,0.0,0.0,277.0,,0.176,0.068,0.08678294933277364,0.06666666666666667,-0.03333333333333333,-0.0
1743599942.7113724,0.0,0.0,277.0,,0.176,0.068,0.08678294933277364,0.06666666666666667,-0.03333333333333333,-0.0
1743599942.7315392,0.0,0.0,277.0,,0.166,0.695,0.12042749680085763,0.06666666666666667,0.0,-0.1
1743599942.7517629,0.0,0.0,277.0,,0.195,0.077,0.04821864938176823,0.03333333333333333,0.0,-0.16666666666666666
1743599942.7721052,0.0,0.0,277.0,,0.195,0.077,0.04821864938176823,0.03333333333333333,0.0,-0.16666666666666666
1743599942.7924001,0.0,0.0,278.0,,0.254,0.0,0.18616741008986182,0.06666666666666667,0.0,-0.0
1743599942.8125868,0.0,0.0,278.0,,0.117,-0.461,0.1352242323205335,0.03333333333333333,0.0,-0.06666666666666667
1743599942.8357594,0.0,0.0,278.0,,0.117,-0.461,0.1352242323205335,0.03333333333333333,0.0,-0.06666666666666667
1743599942.8559408,0.0,0.0,280.0,,0.136,-0.275,0.1586467515213208,0.06666666666666667,0.0,-0.13333333333333333
1743599942.8761303,0.0,0.0,280.0,,0.068,-0.333,0.10077002400574742,0.03333333333333333,0.0,-0.0
1743599942.8963215,0.0,0.0,280.0,,0.068,-0.333,0.10077002400574742,0.03333333333333333,0.0,-0.0
1743599942.9165363,0.0,0.0,280.0,,-0.167,-0.422,0.12424224676613527,0.06666666666666667,0.0,-0.0
1743599942.9370687,0.0,0.0,280.0,,-0.069,-0.363,0.16073832603149718,0.03333333333333333,0.0,-0.03333333333333333
1743599942.9575968,0.0,0.0,280.0,,-0.069,-0.363,0.16073832603149718,0.03333333333333333,0.0,-0.03333333333333333
1743599942.977861,0.0,0.0,280.0,,-0.147,-0.177,0.10664078668063048,0.03333333333333333,0.0,-0.0
1743599942.998058,0.0,0.0,280.0,,0.058,0.058,0.15433238045983622,0.03333333333333333,0.0,-0.03333333333333333
1743599943.0184333,0.0,0.0,280.0,,-0.127,0.077,0.1150983953564566,0.03333333333333333,0.0,-0.1
1743599943.038617,0.0,0.0,280.0,,0.0,-0.088,0.15438257053015114,0.03333333333333333,0.0,-0.13333333333333333
1743599943.058862,0.0,0.0,280.0,,0.166,0.009,0.11537614756900538,0.06666666666666667,0.0,-0.06666666666666667
1743599943.079061,0.0,0.0,280.0,,0.166,0.009,0.11537614756900538,0.06666666666666667,0.0,-0.06666666666666667
1743599943.0995388,0.0,0.0,280.0,,0.0,0.048,0.15411382731453038,0.03333333333333333,0.0,-0.0
1743599943.1198444,0.0,0.0,280.0,,-0.01,-0.01,0.12400994077023597,0.03333333333333333,0.0,-0.06666666666666667
1743599943.1400154,0.0,0.0,280.0,,0.0,-0.157,0.0962321044661234,0.03333333333333333,0.0,-0.0
1743599943.1613877,0.0,0.0,280.0,,-0.029,-0.186,0.09677120720254173,0.03333333333333333,0.0,-0.0
1743599943.1815894,0.0,0.0,280.0,,0.136,-0.245,0.14788482559062466,0.03333333333333333,0.0,-0.0
1743599943.201768,0.0,0.0,280.0,,-0.01,-0.186,0.17470719409296365,0.03333333333333333,0.0,0.06666666666666667
1743599943.2219875,0.0,0.0,280.0,,-0.01,-0.245,0.09800459252930871,0.06666666666666667,0.0,-0.0
1743599943.242198,0.0,0.0,280.0,,-0.069,0.087,0.17360679172575288,0.03333333333333333,0.0,-0.1
1743599943.2625413,0.0,0.0,280.0,,-0.088,-0.137,0.1353148866899918,0.06666666666666667,0.0,-0.06666666666666667
1743599943.2830706,0.0,0.0,280.0,,-0.098,-0.029,0.18351300501847234,0.03333333333333333,-0.03333333333333333,-0.06666666666666667
1743599943.3032513,0.0,0.0,280.0,,0.048,-0.02,0.04613653224856229,0.03333333333333333,0.0,-0.1
1743599943.3234348,0.0,0.0,280.0,,0.058,-0.02,0.15418595541953373,0.03333333333333333,0.0,-0.2
1743599943.343848,0.0,0.0,281.0,,0.293,0.068,0.13848474628528962,0.03333333333333333,0.0,-0.2
1743599943.3641655,0.0,0.0,281.0,,0.097,-0.059,0.114641912435955,0.03333333333333333,0.0,-0.16666666666666666
1743599943.3846035,0.0,0.0,281.0,,0.028,-0.108,0.15461493656380298,0.06666666666666667,0.0,-0.2
1743599943.4047964,0.0,0.0,281.0,,0.009,-0.108,0.09558714326284701,0.03333333333333333,0.0,-0.3
1743599943.4249623,0.0,0.0,281.0,,0.176,0.0,0.1255392664739734,0.06666666666666667,0.0,-0.2
1743599943.4451847,0.0,0.0,282.0,,0.048,-0.157,0.1353367036062103,0.03333333333333333,0.0,-0.06666666666666667
1743599943.4655142,0.0,0.0,282.0,,0.117,-0.147,0.15574343550599146,0.03333333333333333,0.0,-0.0
1743599943.4857137,0.0,0.0,282.0,,0.009,-0.177,0.14555456338195683,0.03333333333333333,0.0,-0.0
1743599943.5061998,0.0,0.0,284.0,,0.019,-0.206,0.07714761465418007,0.03333333333333333,0.0,-0.13333333333333333
1743599943.5263755,0.0,0.0,284.0,,0.087,-0.412,0.13280129371517368,0.03333333333333333,0.0,-0.13333333333333333
1743599943.5503023,0.0,0.0,284.0,,-0.01,-0.373,0.16985900963688394,0.06666666666666667,0.0,0.03333333333333333
1743599943.570479,0.0,0.0,284.0,,0.176,-0.206,0.11765417922928023,0.03333333333333333,0.0,-0.0
1743599943.59064,0.0,0.0,285.0,,0.156,-0.167,0.1365895436839093,0.03333333333333333,0.0,-0.03333333333333333
1743599943.6108465,0.0,0.0,285.0,,0.156,-0.167,0.1365895436839093,0.03333333333333333,0.0,-0.03333333333333333
1743599943.6310287,0.0,0.0,285.0,,0.185,-0.029,0.1457354604094725,0.03333333333333333,0.0,-0.03333333333333333
1743599943.6513684,0.0,0.0,285.0,,-0.069,0.0,0.11423710894400152,0.03333333333333333,0.0,-0.03333333333333333
1743599943.671605,0.0,0.0,285.0,,-0.069,0.0,0.11423710894400152,0.03333333333333333,0.0,-0.03333333333333333
1743599943.6934226,0.0,0.0,286.0,,0.087,-0.01,0.16337818212457478,0.03333333333333333,0.0,-0.03333333333333333
1743599943.7135985,0.0,0.0,286.0,,0.136,-0.167,0.09731821466359669,0.03333333333333333,0.0,-0.03333333333333333
1743599943.7337782,0.0,0.0,286.0,,0.136,-0.167,0.09731821466359669,0.03333333333333333,0.0,-0.03333333333333333
1743599943.7539847,0.0,0.0,286.0,,0.0,-0.137,0.15492715242066168,0.03333333333333333,0.0,0.06666666666666667
1743599943.7743309,0.0,0.0,285.0,,0.038,0.215,0.11637325236180551,0.06666666666666667,0.0,0.1
1743599943.7947598,0.0,0.0,285.0,,0.038,0.215,0.11637325236180551,0.06666666666666667,0.0,0.1
1743599943.815225,0.0,0.0,285.0,,0.058,0.117,0.11484919982864383,0.03333333333333333,0.0,-0.03333333333333333
1743599943.8353739,0.0,0.0,285.0,,0.038,0.0,0.16307121145148784,0.06666666666666667,0.0,-0.0
1743599943.8558147,0.0,0.0,285.0,,0.038,0.0,0.16307121145148784,0.06666666666666667,0.0,-0.0
1743599943.8763185,0.0,0.0,285.0,,-0.088,-0.206,0.13648818222372228,0.06666666666666667,0.0,-0.0
1743599943.8965416,0.0,0.0,285.0,,0.077,0.244,0.13724571495428783,0.03333333333333333,0.0,-0.03333333333333333
1743599943.9167225,0.0,0.0,285.0,,0.077,0.244,0.13724571495428783,0.03333333333333333,0.0,-0.03333333333333333
1743599943.9369206,0.0,0.0,285.0,,-0.049,-0.147,0.1641838615423996,0.03333333333333333,0.0,-0.2
1743599943.9573452,0.0,0.0,286.0,,0.117,-0.363,0.1412073494042687,0.03333333333333333,0.0,-0.23333333333333334
1743599943.9777758,0.0,0.0,286.0,,0.117,-0.363,0.1412073494042687,0.03333333333333333,0.0,-0.23333333333333334
1743599943.9979844,0.0,0.0,287.0,,0.019,0.097,0.1144865503098842,0.03333333333333333,0.0,-0.03333333333333333
1743599944.0181537,0.0,0.0,287.0,,0.048,0.0,0.15411382731453038,0.03333333333333333,0.0,-0.16666666666666666
1743599944.0383365,0.0,0.0,287.0,,0.048,0.0,0.15411382731453038,0.03333333333333333,0.0,-0.16666666666666666
1743599944.0584958,0.0,0.0,288.0,,0.126,0.185,0.15647430729506695,0.03333333333333333,0.0,-0.23333333333333334
1743599944.0787144,0.0,0.0,288.0,,-0.059,0.136,0.10509657102758752,0.06666666666666667,0.0,-0.3
1743599944.0995262,0.0,0.0,289.0,,0.117,0.087,0.16404819037144236,0.03333333333333333,0.0,-0.43333333333333335
1743599944.1198626,0.0,0.0,289.0,,-0.147,-0.127,0.14586766328516632,0.03333333333333333,0.0,-0.4666666666666667
1743599944.1402588,0.0,0.0,290.0,,0.048,-0.49,0.09712109079045206,0.03333333333333333,0.0,-0.4
1743599944.1604416,0.0,0.0,290.0,,-0.088,-0.49,0.14627099357699969,0.03333333333333333,0.0,-0.1
1743599944.1806107,0.0,0.0,290.0,,-0.226,-0.235,0.1392687082142725,0.03333333333333333,0.0,0.1
1743599944.2014058,0.0,0.0,291.0,,-0.412,-0.304,0.156952374421655,0.03333333333333333,0.0,0.13333333333333333
1743599944.2220042,1.0,0.0,294.0,,-0.608,-0.47520810714975126,0.14688684765587467,0.03333333333333333,-0.03333333333333333,0.16666666666666666
1743599944.2424645,1.0,0.0,296.0,,-0.451,-0.3082081071497513,0.14500198682308252,0.03333333333333333,0.0,0.13333333333333333
1743599944.2628694,1.0,0.0,296.0,,-0.353,-0.3772081071497513,0.15225901971339084,0.0,-0.06666666666666667,0.03333333333333333
1743599944.2831485,1.0,1.0,295.0,,-0.05479189285024874,-0.3872081071497513,0.12885405905343816,0.03333333333333333,0.0,-0.03333333333333333
1743599944.30331,1.0,1.0,295.0,,-0.34879189285024875,-0.035208107149751255,0.16824185494109756,0.03333333333333333,0.0,0.1
1743599944.323905,1.0,1.0,295.0,,-0.16179189285024875,-0.13320810714975126,0.1295786290124692,0.03333333333333333,-0.03333333333333333,0.2
1743599944.344133,1.0,1.0,295.0,,0.22920810714975126,-0.27920810714975125,0.11474837106646518,0.06666666666666667,0.0,0.26666666666666666
1743599944.3657024,1.0,1.0,295.0,,0.04420810714975126,-0.5342081071497513,0.17028560561017336,0.06666666666666667,0.0,0.4666666666666667
1743599944.386055,1.0,1.0,295.0,,0.15120810714975128,-0.9852081071497512,-0.05774556648983875,0.0,-0.06666666666666667,0.1
1743599944.406243,1.0,1.0,295.0,,0.46420810714975125,0.7687918928502486,0.35610340429330734,0.06666666666666667,0.0,-0.03333333333333333
1743599944.4266174,1.0,1.0,295.0,,0.21920810714975125,-0.27920810714975125,0.13469279540609236,0.03333333333333333,0.0,-0.0
1743599944.4469612,2.0,1.0,297.0,,0.23920810714975127,-0.4403640626515345,0.1247071110086484,0.03333333333333333,0.0,-0.0
1743599944.4673107,2.0,1.0,297.0,,0.23920810714975127,-0.4403640626515345,0.1347056896908665,0.03333333333333333,0.0,-0.0
1743599944.4876063,2.0,1.0,297.0,,0.23920810714975127,-0.4403640626515345,0.1247071110086484,0.03333333333333333,0.0,-0.0
1743599944.5081453,2.0,0.0,298.0,,0.068,-0.4303640626515345,0.12461468038849155,0.03333333333333333,0.0,-0.0
1743599944.528336,1.0,0.0,298.0,,0.068,-0.2692081071497513,0.1247071110086484,0.03333333333333333,0.0,-0.0
1743599944.5485098,1.0,0.0,298.0,,0.068,-0.2692081071497513,0.1247071110086484,0.03333333333333333,0.0,-0.0
1743599944.5687225,1.0,0.0,298.0,,0.068,-0.2692081071497513,0.1247071110086484,0.03333333333333333,0.0,-0.0
1743599944.5890641,1.0,0.0,298.0,,0.068,-0.2692081071497513,0.1247071110086484,0.03333333333333333,0.0,-0.0
1743599944.6094098,1.0,0.0,298.0,,0.077,-0.2592081071497513,0.12467953117774755,0.03333333333333333,0.0,-0.0
1743599944.629691,1.0,0.0,298.0,,0.077,-0.2592081071497513,0.12467953117774755,0.03333333333333333,0.0,-0.0
1743599944.6500726,1.0,0.0,298.0,,0.077,-0.2592081071497513,0.13467816529063725,0.03333333333333333,0.0,-0.0
1743599944.6705327,0.0,0.0,298.0,,0.058,-0.098,0.13464320152923115,0.03333333333333333,0.0,-0.0
1743599944.6909146,0.0,0.0,298.0,,0.058,-0.098,0.13464320152923115,0.03333333333333333,0.0,-0.0
1743599944.7112672,0.0,0.0,298.0,,0.077,-0.088,0.12467953117774755,0.03333333333333333,0.0,-0.0
1743599944.731429,0.0,0.0,298.0,,0.068,-0.088,0.12461468038849155,0.03333333333333333,0.0,-0.0
1743599944.7516973,0.0,0.0,298.0,,0.068,-0.088,0.12461468038849155,0.03333333333333333,0.0,-0.0
1743599944.7720883,0.0,0.0,298.0,,0.068,-0.088,0.12461468038849155,0.03333333333333333,0.0,-0.0
1743599944.7922866,0.0,0.0,298.0,,0.068,-0.098,0.11470853662458325,0.03333333333333333,0.0,-0.0
1743599944.8125367,0.0,0.0,298.0,,0.068,-0.098,0.11470853662458325,0.03333333333333333,0.0,-0.0
1743599944.832866,0.0,0.0,298.0,,0.068,-0.098,0.1247071110086484,0.03333333333333333,0.0,-0.0
1743599944.8531713,0.0,0.0,298.0,,0.068,-0.088,0.12461468038849155,0.03333333333333333,0.0,-0.0
1743599944.873394,0.0,0.0,298.0,,0.068,-0.088,0.12461468038849155,0.03333333333333333,0.0,-0.0
1743599944.8956318,0.0,0.0,298.0,,0.077,-0.088,0.12467953117774755,0.03333333333333333,0.0,-0.0
1743599944.916076,0.0,0.0,298.0,,0.068,-0.098,0.1247071110086484,0.03333333333333333,0.0,-0.0
1743599944.936334,0.0,0.0,298.0,,0.068,-0.098,0.1247071110086484,0.03333333333333333,0.0,-0.0
1743599944.9565504,0.0,0.0,298.0,,0.077,-0.098,0.1347704083136403,0.03333333333333333,0.0,-0.0
1743599944.9769814,0.0,0.0,298.0,,0.068,-0.098,0.11470853662458325,0.03333333333333333,0.0,-0.0
1743599944.9973795,0.0,0.0,298.0,,0.068,-0.098,0.11470853662458325,0.03333333333333333,0.0,-0.0
1743599945.017526,0.0,0.0,298.0,,0.068,-0.088,0.12461468038849155,0.03333333333333333,0.0,-0.0
1743599945.0377042,0.0,0.0,298.0,,0.068,-0.088,0.12461468038849155,0.03333333333333333,0.0,-0.0
1743599945.059141,0.0,0.0,298.0,,0.068,-0.088,0.12461468038849155,0.03333333333333333,0.0,-0.0
1743599945.0796072,0.0,0.0,298.0,,0.068,-0.088,0.12461468038849155,0.03333333333333333,0.0,-0.0
1743599945.0998838,0.0,0.0,298.0,,0.068,-0.088,0.12461468038849155,0.03333333333333333,0.0,-0.0
1743599945.1203787,0.0,0.0,298.0,,0.068,-0.088,0.12461468038849155,0.03333333333333333,0.0,-0.0
1743599945.1405568,0.0,0.0,298.0,,0.068,-0.098,0.1247071110086484,0.03333333333333333,0.0,-0.0
1743599945.160773,0.0,0.0,298.0,,0.068,-0.088,0.12461468038849155,0.03333333333333333,0.0,-0.0
1743599945.180957,0.0,0.0,298.0,,0.077,-0.098,0.12477195996473078,0.03333333333333333,0.0,-0.0
1743599945.2011294,0.0,0.0,298.0,,0.087,-0.088,0.13475949798424836,0.03333333333333333,0.0,-0.0
1743599945.2213063,0.0,0.0,298.0,,0.068,-0.088,0.11461591967137252,0.03333333333333333,0.0,-0.0
1743599945.2414784,0.0,0.0,298.0,,0.077,-0.098,0.12477195996473078,0.03333333333333333,0.0,-0.0
1743599945.261798,0.0,0.0,298.0,,0.058,-0.088,0.12455206461288348,0.03333333333333333,0.0,-0.0
1743599945.2820585,0.0,0.0,298.0,,0.058,-0.088,0.12455206461288348,0.03333333333333333,0.0,-0.0
1743599945.305477,0.0,0.0,298.0,,0.068,-0.098,0.11470853662458325,0.03333333333333333,0.0,-0.0
1743599945.3256342,0.0,0.0,298.0,,0.077,-0.088,0.12467953117774755,0.03333333333333333,0.0,-0.0
1743599945.3457863,0.0,0.0,298.0,,0.068,-0.088,0.12461468038849155,0.03333333333333333,0.0,-0.0
1743599945.366017,0.0,0.0,298.0,,0.068,-0.098,0.1247071110086484,0.03333333333333333,0.0,-0.0
1743599945.3861928,0.0,0.0,298.0,,0.087,-0.088,0.12476102766380137,0.03333333333333333,0.0,-0.0
1743599945.4063637,0.0,0.0,298.0,,0.077,-0.088,0.12467953117774755,0.03333333333333333,0.0,-0.0
1743599945.426589,0.0,0.0,298.0,,0.077,-0.088,0.13467816529063725,0.03333333333333333,0.0,-0.0
1743599945.446776,0.0,0.0,298.0,,0.077,-0.098,0.12477195996473078,0.03333333333333333,0.0,-0.0
1743599945.4669712,0.0,0.0,298.0,,0.068,-0.088,0.12461468038849155,0.03333333333333333,0.0,-0.0
1743599945.4871564,0.0,0.0,298.0,,0.068,-0.098,0.1247071110086484,0.03333333333333333,0.0,-0.0
1743599945.5073495,0.0,0.0,298.0,,0.068,-0.088,0.12461468038849155,0.03333333333333333,0.0,-0.0
1743599945.5279684,0.0,0.0,298.0,,0.068,-0.088,0.12461468038849155,0.03333333333333333,0.0,-0.0
1743599945.5513961,0.0,0.0,298.0,,0.077,-0.098,0.12477195996473078,0.03333333333333333,0.0,-0.0
1743599945.5717463,0.0,0.0,298.0,,0.077,-0.098,0.12477195996473078,0.03333333333333333,0.0,-0.0
1743599945.5921562,0.0,0.0,298.0,,0.077,-0.098,0.12477195996473078,0.03333333333333333,0.0,-0.0
1743599945.6127234,0.0,0.0,298.0,,0.077,-0.088,0.13467816529063725,0.03333333333333333,0.0,-0.0
1743599945.632898,0.0,0.0,298.0,,0.068,-0.098,0.1247071110086484,0.03333333333333333,0.0,-0.0
1743599945.6562817,0.0,0.0,298.0,,0.068,-0.098,0.1247071110086484,0.03333333333333333,0.0,-0.0
1743599945.6764715,0.0,0.0,298.0,,0.068,-0.088,0.12461468038849155,0.03333333333333333,0.0,-0.0
1743599945.6966949,0.0,0.0,298.0,,0.077,-0.098,0.08577805641353464,0.03333333333333333,0.0,-0.0
1743599945.7168865,0.0,0.0,298.0,,0.077,-0.098,0.08577805641353464,0.03333333333333333,0.0,-0.0
1743599945.7371016,0.0,0.0,298.0,,0.068,-0.088,0.1546109848985342,0.03333333333333333,0.0,-0.0
1743599945.7593658,0.0,0.0,298.0,,0.068,-0.098,0.10470996655601894,0.03333333333333333,0.0,-0.0
1743599945.779544,0.0,0.0,298.0,,0.068,-0.098,0.10470996655601894,0.03333333333333333,0.0,-0.0
1743599945.7997327,0.0,0.0,298.0,,0.077,-0.098,0.15476731901285667,0.03333333333333333,0.0,-0.0
1743599945.82052,0.0,0.0,298.0,,0.068,-0.098,0.11470853662458325,0.03333333333333333,0.0,-0.0
1743599945.840699,0.0,0.0,298.0,,0.068,-0.078,0.14453005007690933,0.03333333333333333,0.0,-0.0
1743599945.861012,0.0,0.0,298.0,,0.087,-0.098,0.13485173871282896,0.03333333333333333,0.0,-0.0
1743599945.8812065,0.0,0.0,298.0,,0.077,-0.108,0.10487785500081159,0.03333333333333333,0.0,-0.0
1743599945.9016788,0.0,0.0,298.0,,0.077,-0.108,0.10487785500081159,0.03333333333333333,0.0,-0.0
1743599945.922023,0.0,0.0,298.0,,0.068,-0.098,0.1247071110086484,0.03333333333333333,0.0,-0.0
1743599945.9424164,0.0,0.0,298.0,,0.068,-0.088,0.12461468038849155,0.03333333333333333,0.0,-0.0
1743599945.965807,0.0,0.0,298.0,,0.068,-0.098,0.1347056896908665,0.03333333333333333,0.0,-0.0
1743599945.9878068,0.0,0.0,298.0,,0.068,-0.088,0.12461468038849155,0.03333333333333333,0.0,-0.0
1743599946.0084288,0.0,0.0,298.0,,0.068,-0.088,0.12461468038849155,0.03333333333333333,0.0,-0.0
1743599946.0289996,0.0,0.0,298.0,,0.077,-0.098,0.12477195996473078,0.03333333333333333,0.0,-0.0
1743599946.0496287,0.0,0.0,298.0,,0.068,-0.098,0.11470853662458325,0.03333333333333333,0.0,-0.0
1743599946.069789,0.0,0.0,298.0,,0.068,-0.098,0.11470853662458325,0.03333333333333333,0.0,-0.0
1743599946.0900836,0.0,0.0,298.0,,0.077,-0.098,0.12477195996473078,0.03333333333333333,0.0,-0.0
1743599946.1143012,0.0,0.0,298.0,,0.077,-0.088,0.13467816529063725,0.03333333333333333,0.0,-0.0
1743599946.1345232,0.0,0.0,298.0,,0.077,-0.088,0.13467816529063725,0.03333333333333333,0.0,-0.0
1743599946.154877,0.0,0.0,298.0,,0.068,-0.098,0.1347056896908665,0.03333333333333333,0.0,-0.0
1743599946.175102,0.0,0.0,298.0,,0.077,-0.088,0.13467816529063725,0.03333333333333333,0.0,-0.0
1743599946.198365,0.0,0.0,298.0,,0.077,-0.088,0.13467816529063725,0.03333333333333333,0.0,-0.0
1743599946.2185671,0.0,0.0,298.0,,0.077,-0.088,0.12467953117774755,0.03333333333333333,0.0,-0.0
1743599946.2387629,0.0,0.0,298.0,,0.077,-0.088,0.12467953117774755,0.03333333333333333,0.0,-0.0
1743599946.2593253,0.0,0.0,298.0,,0.058,-0.098,0.13464320152923115,0.03333333333333333,0.0,-0.0
1743599946.2796686,0.0,0.0,298.0,,0.068,-0.088,0.12461468038849155,0.03333333333333333,0.0,-0.0
1743599946.2999952,0.0,0.0,298.0,,0.068,-0.098,0.1347056896908665,0.03333333333333333,0.0,-0.0
1743599946.3203158,0.0,0.0,298.0,,0.077,-0.098,0.11477351630804833,0.03333333333333333,0.0,-0.0
1743599946.3405147,0.0,0.0,298.0,,0.068,-0.088,0.12461468038849155,0.03333333333333333,0.0,-0.0
1743599946.3608668,0.0,0.0,298.0,,0.068,-0.098,0.1247071110086484,0.03333333333333333,0.0,-0.0
1743599946.3810525,0.0,0.0,298.0,,0.077,-0.088,0.12467953117774755,0.03333333333333333,0.0,-0.0
1743599946.4012406,0.0,0.0,298.0,,0.077,-0.088,0.12467953117774755,0.03333333333333333,0.0,-0.0
1743599946.4214337,0.0,0.0,298.0,,0.077,-0.098,0.12477195996473078,0.03333333333333333,0.0,-0.0
1743599946.4416604,0.0,0.0,298.0,,0.068,-0.088,0.13461344484205107,0.03333333333333333,0.0,-0.0
1743599946.4626465,0.0,0.0,298.0,,0.068,-0.088,0.13461344484205107,0.03333333333333333,0.0,-0.0
1743599946.4834516,0.0,0.0,298.0,,0.068,-0.098,0.1247071110086484,0.03333333333333333,0.0,-0.0
1743599946.5038164,0.0,0.0,298.0,,0.068,-0.098,0.1247071110086484,0.03333333333333333,0.0,-0.0
1743599946.524028,0.0,0.0,298.0,,0.068,-0.088,0.11461591967137252,0.03333333333333333,0.0,-0.0
1743599946.5446026,0.0,0.0,298.0,,0.068,-0.088,0.11461591967137252,0.03333333333333333,0.0,-0.0
1743599946.5648108,0.0,0.0,298.0,,0.077,-0.088,0.13467816529063725,0.03333333333333333,0.0,-0.0
1743599946.5850317,0.0,0.0,298.0,,0.068,-0.078,0.13453111659647554,0.03333333333333333,0.0,-0.0
1743599946.6059067,0.0,0.0,298.0,,0.077,-0.098,0.12477195996473078,0.03333333333333333,0.0,-0.0
1743599946.6262162,0.0,0.0,298.0,,0.077,-0.088,0.11468090119540975,0.03333333333333333,0.0,-0.0
1743599946.6464636,0.0,0.0,298.0,,0.068,-0.088,0.12461468038849155,0.03333333333333333,0.0,-0.0
1743599946.667032,0.0,0.0,298.0,,0.077,-0.088,0.12467953117774755,0.03333333333333333,0.0,-0.0
1743599946.687947,0.0,0.0,298.0,,0.068,-0.098,0.1247071110086484,0.03333333333333333,0.0,-0.0
1743599946.7114327,0.0,0.0,298.0,,0.068,-0.088,0.12461468038849155,0.03333333333333333,0.0,-0.0
1743599946.7316425,0.0,0.0,298.0,,0.068,-0.088,0.12461468038849155,0.03333333333333333,0.0,-0.0
1743599946.7520068,0.0,0.0,298.0,,0.068,-0.098,0.11470853662458325,0.03333333333333333,0.0,-0.0
1743599946.7724483,0.0,0.0,298.0,,0.077,-0.088,0.12467953117774755,0.03333333333333333,0.0,-0.0
1743599946.7929525,0.0,0.0,298.0,,0.087,-0.088,0.12476102766380137,0.03333333333333333,0.0,-0.0
1743599946.8135326,0.0,0.0,298.0,,0.087,-0.088,0.12476102766380137,0.03333333333333333,0.0,-0.0
1743599946.8343413,0.0,0.0,298.0,,0.068,-0.098,0.10470996655601894,0.03333333333333333,0.0,-0.0
1743599946.8550174,0.0,0.0,298.0,,0.068,-0.098,0.1247071110086484,0.03333333333333333,0.0,-0.0
1743599946.8755782,0.0,0.0,298.0,,0.058,-0.098,0.13464320152923115,0.03333333333333333,0.0,-0.0
1743599946.8960025,0.0,0.0,298.0,,0.068,-0.059,0.14440120849024396,0.03333333333333333,0.0,-0.0
1743599946.916342,0.0,0.0,298.0,,0.068,-0.098,0.11470853662458325,0.03333333333333333,0.0,-0.0
1743599946.9369876,0.0,0.0,298.0,,0.087,-0.098,0.11485517476881846,0.03333333333333333,0.0,-0.0
1743599946.9571927,0.0,0.0,298.0,,0.087,-0.088,0.12476102766380137,0.03333333333333333,0.0,-0.0
1743599946.9778252,0.0,0.0,298.0,,0.087,-0.088,0.13475949798424836,0.03333333333333333,0.0,-0.0
1743599946.998161,0.0,0.0,298.0,,0.087,-0.069,0.12461279199374786,0.03333333333333333,0.0,-0.0
1743599947.0187693,0.0,0.0,298.0,,0.068,-0.088,0.13461344484205107,0.03333333333333333,0.0,-0.0
1743599947.0413485,0.0,0.0,298.0,,0.068,-0.088,0.12461468038849155,0.03333333333333333,0.0,-0.0
1743599947.0618403,0.0,0.0,298.0,,0.068,-0.108,0.10481274624092052,0.03333333333333333,0.0,-0.0
1743599947.0822206,0.0,0.0,298.0,,0.048,-0.098,0.12459182079985887,0.03333333333333333,0.0,-0.0
1743599947.1023848,0.0,0.0,298.0,,0.058,-0.059,0.1343395218168446,0.03333333333333333,0.0,-0.0
1743599947.1226022,0.0,0.0,298.0,,0.058,-0.059,0.1343395218168446,0.03333333333333333,0.0,-0.0
1743599947.1429663,0.0,0.0,298.0,,0.077,-0.108,0.10487785500081159,0.03333333333333333,0.0,-0.0
1743599947.1635814,0.0,0.0,298.0,,0.087,-0.078,0.14467581363438775,0.03333333333333333,0.0,-0.0
1743599947.1837924,0.0,0.0,298.0,,0.077,-0.078,0.12459703876351469,0.03333333333333333,0.0,-0.0
1743599947.2055037,0.0,0.0,298.0,,0.077,-0.098,0.11477351630804833,0.03333333333333333,0.0,-0.0
1743599947.2260418,0.0,0.0,298.0,,0.077,-0.088,0.13467816529063725,0.03333333333333333,0.0,-0.0
1743599947.2464929,0.0,0.0,298.0,,0.068,-0.069,0.14446456572509803,0.03333333333333333,0.0,-0.0
1743599947.2671807,0.0,0.0,298.0,,0.058,-0.108,0.10474988138046193,0.03333333333333333,0.0,-0.0
1743599947.2879379,0.0,0.0,298.0,,0.058,-0.108,0.10474988138046193,0.03333333333333333,0.0,-0.0
1743599947.3082092,0.0,0.0,298.0,,0.068,-0.088,0.13461344484205107,0.03333333333333333,0.0,-0.0
1743599947.3288748,0.0,0.0,298.0,,0.107,-0.088,0.11495575128963331,0.03333333333333333,0.0,-0.0
1743599947.3490603,0.0,0.0,298.0,,0.107,-0.088,0.11495575128963331,0.03333333333333333,0.0,-0.0
1743599947.3692575,0.0,0.0,298.0,,0.077,-0.108,0.11487608697344598,0.03333333333333333,0.0,-0.0
1743599947.3894737,0.0,0.0,298.0,,0.068,-0.098,0.1347056896908665,0.03333333333333333,0.0,-0.0
1743599947.4098365,0.0,0.0,298.0,,0.068,-0.098,0.1347056896908665,0.03333333333333333,0.0,-0.0
1743599947.4300067,0.0,0.0,297.0,,0.058,-0.088,0.12455206461288348,0.03333333333333333,0.0,-0.0
1743599947.4513936,0.0,0.0,297.0,,0.068,-0.088,0.12461468038849155,0.03333333333333333,0.0,-0.0
1743599947.4715946,0.0,0.0,297.0,,0.068,-0.088,0.12461468038849155,0.03333333333333333,0.0,-0.0
1743599947.4918518,0.0,0.0,297.0,,0.077,-0.098,0.12477195996473078,0.03333333333333333,0.0,-0.0
1743599947.5120413,0.0,0.0,297.0,,0.087,-0.088,0.11476256196914925,0.03333333333333333,0.0,-0.0
1743599947.532256,0.0,0.0,297.0,,0.087,-0.088,0.11476256196914925,0.03333333333333333,0.0,-0.0
1743599947.5524247,0.0,0.0,297.0,,0.077,-0.088,0.13467816529063725,0.03333333333333333,0.0,-0.0
1743599947.57264,0.0,0.0,297.0,,0.068,-0.088,0.12461468038849155,0.03333333333333333,0.0,-0.0
1743599947.5928335,0.0,0.0,297.0,,0.068,-0.088,0.12461468038849155,0.03333333333333333,0.0,-0.0
1743599947.6130102,0.0,0.0,297.0,,0.048,-0.098,0.13459063119848658,0.03333333333333333,0.0,-0.0
1743599947.6332767,0.0,0.0,297.0,,0.048,-0.078,0.13441605196092965,0.03333333333333333,0.0,-0.0
1743599947.6536772,0.0,0.0,297.0,,0.048,-0.078,0.13441605196092965,0.03333333333333333,0.0,-0.0
1743599947.6739872,0.0,0.0,297.0,,0.087,-0.088,0.1447579729119095,0.03333333333333333,0.0,-0.0
1743599947.694459,0.0,0.0,297.0,,0.097,-0.069,0.13470281327789912,0.03333333333333333,0.0,-0.0
1743599947.7146475,0.0,0.0,297.0,,0.087,-0.078,0.14467581363438775,0.03333333333333333,0.0,-0.0
1743599947.7348456,0.0,0.0,297.0,,0.087,-0.098,0.1048569005988842,0.03333333333333333,0.0,-0.0
1743599947.7552712,0.0,0.0,297.0,,0.058,-0.127,0.08597638535320229,0.03333333333333333,0.0,-0.0
1743599947.7756686,0.0,0.0,297.0,,0.068,-0.098,0.11470853662458325,0.03333333333333333,0.0,-0.0
1743599947.7958264,0.0,0.0,297.0,,0.068,-0.088,0.13461344484205107,0.03333333333333333,0.0,-0.0
1743599947.8162851,0.0,0.0,297.0,,0.077,-0.088,0.13467816529063725,0.03333333333333333,0.0,-0.0
1743599947.8364775,0.0,0.0,297.0,,0.068,-0.098,0.11470853662458325,0.03333333333333333,0.0,-0.0
1743599947.8566446,0.0,0.0,297.0,,0.068,-0.088,0.12461468038849155,0.03333333333333333,0.0,-0.0
1743599947.8768353,0.0,0.0,297.0,,0.077,-0.088,0.13467816529063725,0.03333333333333333,0.0,-0.0
1743599947.8970082,0.0,0.0,297.0,,0.087,-0.098,0.11485517476881846,0.03333333333333333,0.0,-0.0
1743599947.917278,0.0,0.0,297.0,,0.077,-0.098,0.12477195996473078,0.03333333333333333,0.0,-0.0
1743599947.9375327,0.0,0.0,297.0,,0.068,-0.098,0.1247071110086484,0.03333333333333333,0.0,-0.0
1743599947.9577796,0.0,0.0,297.0,,0.068,-0.088,0.12461468038849155,0.03333333333333333,0.0,-0.0
1743599947.9779756,0.0,0.0,297.0,,0.058,-0.098,0.11464579639452843,0.03333333333333333,0.0,-0.0
1743599947.9982882,0.0,0.0,297.0,,0.068,-0.088,0.13461344484205107,0.03333333333333333,0.0,-0.0
1743599948.0185618,0.0,0.0,297.0,,0.068,-0.088,0.13461344484205107,0.03333333333333333,0.0,-0.0
1743599948.0390651,0.0,0.0,297.0,,0.077,-0.098,0.12477195996473078,0.03333333333333333,0.0,-0.0
1743599948.0603878,0.0,0.0,297.0,,0.077,-0.098,0.12477195996473078,0.03333333333333333,0.0,-0.0
1743599948.080612,0.0,0.0,297.0,,0.077,-0.078,0.12459703876351469,0.03333333333333333,0.0,-0.0
1743599948.1008542,0.0,0.0,297.0,,0.077,-0.088,0.12467953117774755,0.03333333333333333,0.0,-0.0
1743599948.1210542,0.0,0.0,297.0,,0.077,-0.088,0.13467816529063725,0.03333333333333333,0.0,-0.0
1743599948.1414735,0.0,0.0,297.0,,0.068,-0.088,0.12461468038849155,0.03333333333333333,0.0,-0.0
1743599948.1617298,0.0,0.0,297.0,,0.068,-0.088,0.12461468038849155,0.03333333333333333,0.0,-0.0
1743599948.183413,0.0,0.0,297.0,,0.058,-0.088,0.12455206461288348,0.03333333333333333,0.0,-0.0
1743599948.2036088,0.0,0.0,297.0,,0.068,-0.088,0.12461468038849155,0.03333333333333333,0.0,-0.0
1743599948.2237902,0.0,0.0,297.0,,0.077,-0.088,0.12467953117774755,0.03333333333333333,0.0,-0.0
1743599948.243982,0.0,0.0,297.0,,0.077,-0.088,0.11468090119540975,0.03333333333333333,0.0,-0.0
1743599948.2641861,0.0,0.0,297.0,,0.077,-0.088,0.12467953117774755,0.03333333333333333,0.0,-0.0
1743599948.2845416,0.0,0.0,297.0,,0.077,-0.088,0.12467953117774755,0.03333333333333333,0.0,-0.0
1743599948.304888,0.0,0.0,297.0,,0.077,-0.088,0.12467953117774755,0.03333333333333333,0.0,-0.0
1743599948.3250434,0.0,0.0,297.0,,0.068,-0.088,0.13461344484205107,0.03333333333333333,0.0,-0.0
1743599948.3452117,0.0,0.0,297.0,,0.068,-0.088,0.12461468038849155,0.03333333333333333,0.0,-0.0
1743599948.365968,0.0,0.0,297.0,,0.068,-0.088,0.12461468038849155,0.03333333333333333,0.0,-0.0
1743599948.3865402,0.0,0.0,297.0,,0.077,-0.098,0.055782795265244545,0.03333333333333333,0.0,-0.0
1743599948.4067326,0.0,0.0,297.0,,0.087,-0.098,0.2428335369707071,0.03333333333333333,0.0,-0.0
1743599948.4282954,0.0,0.0,297.0,,0.087,-0.098,0.2428335369707071,0.03333333333333333,0.0,-0.0
1743599948.4484613,0.0,0.0,297.0,,0.068,-0.098,0.11470853662458325,0.03333333333333333,0.0,-0.0
1743599948.4686675,0.0,0.0,297.0,,0.077,-0.088,0.13467816529063725,0.03333333333333333,0.0,-0.0
1743599948.4888768,0.0,0.0,297.0,,0.077,-0.088,0.13467816529063725,0.03333333333333333,0.0,-0.0
1743599948.5091977,0.0,0.0,297.0,,0.068,-0.088,0.12461468038849155,0.03333333333333333,0.0,-0.0
1743599948.5293858,0.0,0.0,297.0,,0.068,-0.088,0.13461344484205107,0.03333333333333333,0.0,-0.0
1743599948.5495667,0.0,0.0,297.0,,0.068,-0.088,0.13461344484205107,0.03333333333333333,0.0,-0.0
1743599948.5697365,0.0,0.0,297.0,,0.068,-0.088,0.11461591967137252,0.03333333333333333,0.0,-0.0
1743599948.5902038,0.0,0.0,297.0,,0.068,-0.098,0.1247071110086484,0.03333333333333333,0.0,-0.0
1743599948.6113591,0.0,0.0,297.0,,0.068,-0.098,0.1247071110086484,0.03333333333333333,0.0,-0.0
1743599948.6315308,0.0,0.0,297.0,,0.087,-0.098,0.12485345414711091,0.03333333333333333,0.0,-0.0
1743599948.653371,0.0,0.0,297.0,,0.077,-0.078,0.11459824248163031,0.03333333333333333,0.0,-0.0
1743599948.6735396,0.0,0.0,297.0,,0.077,-0.078,0.11459824248163031,0.03333333333333333,0.0,-0.0
1743599948.6937208,0.0,0.0,297.0,,0.068,-0.088,0.13461344484205107,0.03333333333333333,0.0,-0.0
1743599948.7154062,0.0,0.0,297.0,,0.068,-0.088,0.12461468038849155,0.03333333333333333,0.0,-0.0
1743599948.7355728,0.0,0.0,297.0,,0.058,-0.098,0.11464579639452843,0.03333333333333333,0.0,-0.0
1743599948.7557175,0.0,0.0,297.0,,0.058,-0.098,0.11464579639452843,0.03333333333333333,0.0,-0.0
1743599948.7758868,0.0,0.0,297.0,,0.068,-0.088,0.12461468038849155,0.03333333333333333,0.0,-0.0
1743599948.7983692,0.0,0.0,297.0,,0.068,-0.088,0.12461468038849155,0.03333333333333333,0.0,-0.0
1743599948.8185546,0.0,0.0,297.0,,0.077,-0.098,0.12477195996473078,0.03333333333333333,0.0,-0.0
1743599948.8387136,0.0,0.0,297.0,,0.087,-0.098,0.11485517476881846,0.03333333333333333,0.0,-0.0
1743599948.858916,0.0,0.0,297.0,,0.087,-0.098,0.11485517476881846,0.03333333333333333,0.0,-0.0
1743599948.8791919,0.0,0.0,297.0,,0.087,-0.088,0.12476102766380137,0.03333333333333333,0.0,-0.0
1743599948.8995266,0.0,0.0,297.0,,0.068,-0.069,0.13446550049226147,0.03333333333333333,0.0,-0.0
1743599948.9213665,0.0,0.0,297.0,,0.048,-0.098,0.12459182079985887,0.03333333333333333,0.0,-0.0
1743599948.9417436,0.0,0.0,297.0,,0.038,-0.108,0.11465276759065013,0.03333333333333333,0.0,-0.0
1743599948.962077,0.0,0.0,297.0,,0.058,-0.098,0.12464449700305735,0.03333333333333333,0.0,-0.0
1743599948.982409,0.0,0.0,297.0,,0.058,-0.098,0.12464449700305735,0.03333333333333333,0.0,-0.0
1743599949.0026252,0.0,0.0,297.0,,0.077,-0.088,0.13467816529063725,0.03333333333333333,0.0,-0.0
1743599949.023198,0.0,0.0,297.0,,0.077,-0.078,0.134595838674624,0.03333333333333333,0.0,-0.0
1743599949.0436525,0.0,0.0,297.0,,0.077,-0.088,0.12467953117774755,0.03333333333333333,0.0,-0.0
1743599949.0640874,0.0,0.0,297.0,,0.087,-0.088,0.11476256196914925,0.03333333333333333,0.0,-0.0
1743599949.0843642,0.0,0.0,297.0,,0.077,-0.098,0.12477195996473078,0.03333333333333333,0.0,-0.0
1743599949.1046124,0.0,0.0,297.0,,0.068,-0.088,0.12461468038849155,0.03333333333333333,0.0,-0.0
1743599949.1249378,0.0,0.0,297.0,,0.068,-0.088,0.12461468038849155,0.03333333333333333,0.0,-0.0
1743599949.1452422,0.0,0.0,297.0,,0.048,-0.088,0.12449938692057749,0.03333333333333333,0.0,-0.0
1743599949.1654217,0.0,0.0,297.0,,0.058,-0.088,0.12455206461288348,0.03333333333333333,0.0,-0.0
1743599949.1856089,0.0,0.0,297.0,,0.068,-0.088,0.12461468038849155,0.03333333333333333,0.0,-0.0
1743599949.208365,0.0,0.0,297.0,,0.068,-0.088,0.12461468038849155,0.03333333333333333,0.0,-0.0
1743599949.2285364,0.0,0.0,297.0,,0.087,-0.088,0.12476102766380137,0.03333333333333333,0.0,-0.0
1743599949.2487063,0.0,0.0,297.0,,0.087,-0.088,0.12476102766380137,0.03333333333333333,0.0,-0.0
1743599949.2688918,0.0,0.0,297.0,,0.087,-0.088,0.12476102766380137,0.03333333333333333,0.0,-0.0
1743599949.2892694,0.0,0.0,297.0,,0.077,-0.088,0.12467953117774755,0.03333333333333333,0.0,-0.0
1743599949.3098416,0.0,0.0,297.0,,0.058,-0.108,0.11474837106646518,0.03333333333333333,0.0,-0.0
1743599949.3352304,0.0,0.0,297.0,,0.068,-0.088,0.12461468038849155,0.03333333333333333,0.0,-0.0
1743599949.3554542,0.0,0.0,297.0,,0.068,-0.088,0.12461468038849155,0.03333333333333333,0.0,-0.0
1743599949.3756719,0.0,0.0,297.0,,0.068,-0.088,0.12461468038849155,0.03333333333333333,0.0,-0.0
1743599949.3958423,0.0,0.0,297.0,,0.068,-0.088,0.12461468038849155,0.03333333333333333,0.0,-0.0
1743599949.416002,0.0,0.0,297.0,,0.077,-0.088,0.11468090119540975,0.03333333333333333,0.0,-0.0
1743599949.4361854,0.0,0.0,297.0,,0.077,-0.098,0.12477195996473078,0.03333333333333333,0.0,-0.0
1743599949.4566863,0.0,0.0,297.0,,0.077,-0.098,0.12477195996473078,0.03333333333333333,0.0,-0.0
1743599949.4769704,0.0,0.0,297.0,,0.097,-0.098,0.12494488422666805,0.03333333333333333,0.0,-0.0
1743599949.4993706,0.0,0.0,297.0,,0.077,-0.088,0.13467816529063725,0.03333333333333333,0.0,-0.0
1743599949.519648,0.0,0.0,297.0,,0.077,-0.088,0.13467816529063725,0.03333333333333333,0.0,-0.0
1743599949.5398288,0.0,0.0,297.0,,0.058,-0.088,0.1345509549175059,0.03333333333333333,0.0,-0.0
1743599949.5599885,0.0,0.0,297.0,,0.058,-0.088,0.12455206461288348,0.03333333333333333,0.0,-0.0
1743599949.5801635,0.0,0.0,297.0,,0.048,-0.098,0.12459182079985887,0.03333333333333333,0.0,-0.0
1743599949.600871,0.0,0.0,297.0,,0.068,-0.098,0.1247071110086484,0.03333333333333333,0.0,-0.0
1743599949.6210816,0.0,0.0,297.0,,0.077,-0.098,0.12477195996473078,0.03333333333333333,0.0,-0.0
1743599949.641257,0.0,0.0,297.0,,0.097,-0.088,0.12485246032785291,0.03333333333333333,0.0,-0.0
1743599949.6615539,0.0,0.0,297.0,,0.097,-0.088,0.1348507468908764,0.03333333333333333,0.0,-0.0
1743599949.681745,0.0,0.0,297.0,,0.077,-0.088,0.12467953117774755,0.03333333333333333,0.0,-0.0
1743599949.7020407,0.0,0.0,297.0,,0.077,-0.088,0.13467816529063725,0.03333333333333333,0.0,-0.0
1743599949.7222767,0.0,0.0,297.0,,0.068,-0.098,0.1247071110086484,0.03333333333333333,0.0,-0.0
1743599949.745405,0.0,0.0,297.0,,0.058,-0.098,0.12464449700305735,0.03333333333333333,0.0,-0.0
1743599949.7655866,0.0,0.0,297.0,,0.058,-0.098,0.11464579639452843,0.03333333333333333,0.0,-0.0
1743599949.7857869,0.0,0.0,297.0,,0.077,-0.088,0.12467953117774755,0.03333333333333333,0.0,-0.0
1743599949.8059762,0.0,0.0,297.0,,0.077,-0.088,0.12467953117774755,0.03333333333333333,0.0,-0.0
1743599949.8266306,0.0,0.0,297.0,,0.077,-0.088,0.11468090119540975,0.03333333333333333,0.0,-0.0
1743599949.8470724,0.0,0.0,297.0,,0.087,-0.098,0.11485517476881846,0.03333333333333333,0.0,-0.0
1743599949.8676205,0.0,0.0,297.0,,0.087,-0.098,0.11485517476881846,0.03333333333333333,0.0,-0.0
1743599949.8901289,0.0,0.0,297.0,,0.077,-0.088,0.13467816529063725,0.03333333333333333,0.0,-0.0
1743599949.9105875,0.0,0.0,297.0,,0.068,-0.108,0.11481110932836636,0.03333333333333333,0.0,-0.0
1743599949.93096,0.0,0.0,297.0,,0.068,-0.108,0.11481110932836636,0.03333333333333333,0.0,-0.0
1743599949.951231,0.0,0.0,297.0,,0.038,-0.088,0.13445572987885157,0.03333333333333333,0.0,-0.0
1743599949.971391,0.0,0.0,297.0,,0.058,-0.078,0.13446862509850988,0.03333333333333333,0.0,-0.0
1743599949.9917042,0.0,0.0,297.0,,0.058,-0.078,0.13446862509850988,0.03333333333333333,0.0,-0.0
1743599950.012318,0.0,0.0,297.0,,0.087,-0.088,0.11476256196914925,0.03333333333333333,0.0,-0.0
